,fear,negative,sadness,positive,trust,surprise,anticipation,joy,anger,disgust
0,13.0,17.0,17.0,19.0,13.0,4.0,9.0,3.0,2.0,
1,2.0,6.0,2.0,13.0,16.0,1.0,7.0,2.0,,
2,55.0,78.0,53.0,119.0,54.0,15.0,57.0,13.0,25.0,18.0
3,55.0,78.0,53.0,119.0,54.0,15.0,57.0,13.0,25.0,18.0
4,55.0,78.0,53.0,119.0,54.0,15.0,57.0,13.0,25.0,18.0
5,55.0,108.0,49.0,144.0,91.0,20.0,64.0,38.0,29.0,18.0
6,29.0,25.0,22.0,22.0,25.0,13.0,7.0,1.0,9.0,5.0
7,14.0,17.0,11.0,21.0,12.0,3.0,10.0,3.0,4.0,5.0
8,3.0,5.0,6.0,5.0,2.0,1.0,3.0,,2.0,4.0
9,9.0,12.0,6.0,20.0,10.0,6.0,11.0,4.0,,
10,14.0,17.0,6.0,16.0,5.0,4.0,12.0,1.0,2.0,
11,5.0,9.0,5.0,17.0,7.0,1.0,4.0,5.0,3.0,
12,5.0,9.0,5.0,17.0,7.0,1.0,4.0,5.0,3.0,
13,5.0,12.0,3.0,14.0,12.0,1.0,10.0,2.0,3.0,
14,27.0,43.0,17.0,25.0,25.0,2.0,18.0,5.0,10.0,6.0
15,15.0,23.0,15.0,22.0,8.0,3.0,10.0,4.0,3.0,6.0
16,7.0,8.0,3.0,21.0,9.0,3.0,8.0,2.0,4.0,3.0
17,23.0,25.0,14.0,29.0,26.0,7.0,20.0,3.0,4.0,4.0
18,21.0,21.0,20.0,33.0,21.0,7.0,26.0,6.0,6.0,6.0
19,7.0,12.0,3.0,25.0,11.0,3.0,12.0,2.0,6.0,3.0
20,23.0,27.0,16.0,51.0,23.0,7.0,23.0,8.0,6.0,3.0
21,24.0,27.0,16.0,53.0,24.0,7.0,23.0,8.0,6.0,3.0
22,8.0,12.0,8.0,21.0,9.0,2.0,7.0,2.0,,
23,8.0,12.0,8.0,21.0,9.0,2.0,7.0,2.0,,
24,11.0,17.0,5.0,38.0,25.0,8.0,19.0,6.0,6.0,1.0
25,33.0,50.0,21.0,66.0,54.0,13.0,30.0,22.0,25.0,19.0
26,17.0,24.0,11.0,32.0,20.0,3.0,9.0,10.0,11.0,6.0
27,3.0,8.0,1.0,19.0,10.0,1.0,5.0,4.0,3.0,2.0
28,8.0,12.0,4.0,33.0,15.0,1.0,8.0,7.0,4.0,2.0
29,11.0,8.0,8.0,11.0,12.0,,9.0,1.0,1.0,
30,20.0,32.0,16.0,32.0,22.0,8.0,18.0,12.0,9.0,5.0
31,54.0,70.0,41.0,90.0,66.0,16.0,50.0,17.0,21.0,18.0
32,20.0,24.0,16.0,25.0,18.0,4.0,16.0,6.0,6.0,3.0
33,12.0,15.0,7.0,9.0,9.0,4.0,9.0,1.0,1.0,1.0
34,29.0,23.0,21.0,43.0,28.0,9.0,20.0,4.0,8.0,6.0
35,7.0,13.0,6.0,31.0,20.0,3.0,10.0,6.0,5.0,3.0
36,9.0,19.0,6.0,20.0,12.0,4.0,10.0,4.0,3.0,3.0
37,35.0,48.0,25.0,56.0,23.0,8.0,30.0,8.0,14.0,8.0
38,9.0,14.0,9.0,21.0,10.0,2.0,9.0,2.0,3.0,2.0
39,9.0,14.0,9.0,21.0,10.0,2.0,9.0,2.0,3.0,2.0
40,60.0,77.0,43.0,110.0,57.0,13.0,63.0,15.0,22.0,20.0
41,31.0,46.0,24.0,63.0,35.0,18.0,35.0,16.0,7.0,6.0
42,5.0,7.0,5.0,15.0,10.0,,2.0,1.0,4.0,1.0
43,6.0,7.0,2.0,26.0,14.0,2.0,9.0,3.0,2.0,1.0
44,,1.0,,6.0,1.0,,,1.0,,
45,1.0,2.0,2.0,1.0,,1.0,2.0,,,1.0
46,1.0,1.0,1.0,,1.0,,3.0,,1.0,
47,7.0,8.0,4.0,21.0,15.0,,9.0,2.0,4.0,4.0
48,11.0,24.0,10.0,19.0,22.0,4.0,12.0,4.0,5.0,6.0
49,29.0,51.0,23.0,65.0,41.0,13.0,48.0,10.0,20.0,13.0
50,23.0,26.0,13.0,37.0,24.0,6.0,20.0,9.0,9.0,3.0
51,5.0,10.0,5.0,17.0,7.0,2.0,7.0,3.0,2.0,1.0
52,7.0,8.0,3.0,9.0,6.0,2.0,4.0,1.0,2.0,3.0
53,8.0,15.0,9.0,28.0,19.0,2.0,8.0,4.0,6.0,1.0
54,8.0,15.0,9.0,28.0,19.0,2.0,8.0,4.0,6.0,1.0
55,13.0,15.0,11.0,13.0,1.0,1.0,3.0,,1.0,7.0
56,15.0,30.0,16.0,56.0,29.0,2.0,27.0,6.0,10.0,5.0
57,14.0,22.0,14.0,41.0,19.0,2.0,21.0,4.0,8.0,3.0
58,9.0,14.0,6.0,17.0,8.0,1.0,14.0,3.0,4.0,
59,8.0,9.0,6.0,31.0,21.0,3.0,13.0,5.0,2.0,1.0
60,184.0,218.0,107.0,363.0,202.0,48.0,141.0,55.0,56.0,36.0
61,8.0,9.0,3.0,18.0,9.0,3.0,12.0,5.0,2.0,2.0
62,7.0,12.0,6.0,20.0,12.0,1.0,11.0,1.0,1.0,1.0
63,20.0,21.0,8.0,20.0,14.0,3.0,16.0,5.0,7.0,5.0
64,10.0,18.0,8.0,16.0,7.0,2.0,9.0,3.0,4.0,3.0
65,128.0,194.0,80.0,298.0,156.0,36.0,112.0,66.0,54.0,26.0
66,215.0,307.0,140.0,475.0,263.0,70.0,222.0,74.0,72.0,53.0
67,22.0,30.0,12.0,38.0,23.0,7.0,16.0,8.0,13.0,5.0
68,42.0,47.0,28.0,85.0,52.0,10.0,38.0,14.0,12.0,13.0
69,3.0,5.0,3.0,12.0,7.0,5.0,7.0,4.0,,1.0
70,25.0,28.0,20.0,27.0,11.0,8.0,24.0,5.0,16.0,13.0
71,9.0,12.0,5.0,19.0,14.0,3.0,9.0,3.0,2.0,3.0
72,7.0,15.0,6.0,35.0,25.0,4.0,12.0,7.0,4.0,1.0
73,9.0,7.0,3.0,14.0,8.0,2.0,6.0,4.0,2.0,2.0
74,36.0,40.0,31.0,42.0,25.0,11.0,17.0,16.0,13.0,6.0
75,2.0,2.0,4.0,3.0,,1.0,4.0,,1.0,2.0
76,5.0,6.0,,22.0,15.0,3.0,8.0,4.0,4.0,2.0
77,7.0,17.0,5.0,28.0,25.0,3.0,12.0,6.0,3.0,2.0
78,52.0,64.0,34.0,109.0,65.0,12.0,45.0,17.0,17.0,18.0
79,8.0,13.0,6.0,39.0,21.0,2.0,8.0,3.0,6.0,6.0
80,8.0,15.0,6.0,26.0,19.0,2.0,11.0,,,1.0
81,192.0,243.0,128.0,340.0,214.0,33.0,152.0,49.0,49.0,46.0
82,12.0,6.0,1.0,27.0,14.0,2.0,9.0,2.0,2.0,1.0
83,102.0,151.0,72.0,303.0,158.0,34.0,112.0,64.0,33.0,14.0
84,28.0,35.0,16.0,29.0,17.0,5.0,10.0,6.0,25.0,15.0
85,28.0,35.0,16.0,29.0,17.0,5.0,10.0,6.0,25.0,15.0
86,28.0,35.0,16.0,29.0,17.0,5.0,10.0,6.0,25.0,15.0
87,1.0,1.0,,3.0,1.0,,2.0,2.0,1.0,
88,1.0,1.0,,3.0,1.0,,2.0,2.0,1.0,
89,3.0,5.0,4.0,5.0,4.0,,4.0,1.0,4.0,1.0
90,3.0,5.0,4.0,5.0,4.0,,4.0,1.0,4.0,1.0
91,16.0,37.0,18.0,70.0,48.0,15.0,34.0,30.0,15.0,8.0
92,13.0,17.0,7.0,18.0,13.0,1.0,8.0,2.0,1.0,3.0
93,16.0,14.0,9.0,47.0,22.0,16.0,26.0,17.0,3.0,
94,19.0,26.0,15.0,46.0,29.0,13.0,27.0,16.0,10.0,8.0
95,8.0,11.0,2.0,30.0,14.0,3.0,17.0,2.0,2.0,
96,43.0,66.0,35.0,80.0,46.0,11.0,27.0,13.0,23.0,14.0
97,14.0,24.0,12.0,47.0,43.0,6.0,14.0,7.0,11.0,6.0
98,30.0,35.0,17.0,40.0,22.0,9.0,21.0,5.0,13.0,11.0
99,30.0,35.0,17.0,40.0,22.0,9.0,21.0,5.0,13.0,11.0
100,15.0,18.0,9.0,18.0,21.0,8.0,11.0,7.0,14.0,1.0
101,15.0,18.0,9.0,18.0,21.0,8.0,11.0,7.0,14.0,1.0
102,5.0,8.0,4.0,57.0,35.0,5.0,14.0,11.0,,
103,32.0,26.0,24.0,23.0,29.0,11.0,7.0,,11.0,6.0
104,32.0,26.0,24.0,23.0,29.0,11.0,7.0,,11.0,6.0
105,9.0,11.0,4.0,17.0,12.0,3.0,13.0,5.0,4.0,1.0
106,11.0,14.0,11.0,19.0,20.0,2.0,12.0,2.0,6.0,4.0
107,12.0,14.0,10.0,41.0,26.0,2.0,14.0,5.0,9.0,4.0
108,8.0,5.0,5.0,32.0,21.0,3.0,16.0,8.0,2.0,
109,14.0,29.0,23.0,31.0,22.0,6.0,8.0,3.0,3.0,1.0
110,11.0,21.0,12.0,21.0,20.0,5.0,9.0,4.0,9.0,5.0
111,3.0,7.0,5.0,11.0,10.0,2.0,4.0,5.0,3.0,1.0
112,10.0,18.0,10.0,21.0,17.0,6.0,9.0,4.0,8.0,4.0
113,16.0,31.0,10.0,67.0,39.0,9.0,38.0,19.0,10.0,3.0
114,13.0,22.0,14.0,41.0,21.0,5.0,22.0,8.0,3.0,1.0
115,34.0,38.0,23.0,51.0,33.0,9.0,27.0,9.0,17.0,9.0
116,16.0,16.0,16.0,59.0,29.0,10.0,28.0,15.0,7.0,5.0
117,34.0,38.0,23.0,51.0,33.0,9.0,27.0,9.0,17.0,9.0
118,23.0,42.0,17.0,50.0,38.0,8.0,13.0,5.0,23.0,15.0
119,9.0,13.0,10.0,26.0,17.0,6.0,11.0,8.0,4.0,9.0
120,38.0,55.0,39.0,51.0,29.0,7.0,20.0,17.0,22.0,19.0
121,38.0,55.0,39.0,51.0,29.0,7.0,20.0,17.0,22.0,19.0
122,47.0,59.0,27.0,85.0,46.0,20.0,39.0,20.0,22.0,19.0
123,24.0,27.0,19.0,33.0,29.0,8.0,24.0,6.0,4.0,3.0
124,23.0,24.0,18.0,36.0,27.0,6.0,22.0,6.0,4.0,3.0
125,23.0,27.0,19.0,35.0,28.0,8.0,24.0,6.0,4.0,3.0
126,23.0,27.0,19.0,35.0,28.0,8.0,24.0,6.0,4.0,3.0
127,30.0,35.0,21.0,24.0,27.0,2.0,14.0,6.0,14.0,12.0
128,7.0,12.0,3.0,22.0,13.0,3.0,15.0,4.0,2.0,1.0
129,25.0,40.0,15.0,39.0,35.0,3.0,22.0,6.0,15.0,4.0
130,7.0,12.0,3.0,22.0,13.0,3.0,15.0,4.0,2.0,1.0
131,8.0,11.0,5.0,26.0,16.0,4.0,16.0,,6.0,1.0
132,24.0,41.0,14.0,47.0,34.0,5.0,19.0,7.0,21.0,10.0
133,18.0,30.0,13.0,42.0,37.0,4.0,15.0,8.0,11.0,4.0
134,6.0,5.0,2.0,36.0,24.0,1.0,11.0,3.0,5.0,2.0
135,6.0,5.0,2.0,36.0,24.0,1.0,11.0,3.0,5.0,2.0
136,6.0,5.0,2.0,36.0,24.0,1.0,11.0,3.0,5.0,2.0
137,10.0,18.0,12.0,25.0,13.0,2.0,20.0,5.0,6.0,3.0
138,4.0,8.0,4.0,18.0,10.0,,4.0,1.0,6.0,2.0
139,10.0,18.0,12.0,25.0,13.0,2.0,20.0,5.0,6.0,3.0
140,10.0,18.0,12.0,25.0,13.0,2.0,20.0,5.0,6.0,3.0
141,10.0,17.0,9.0,20.0,8.0,3.0,6.0,4.0,7.0,6.0
142,8.0,8.0,9.0,23.0,8.0,2.0,9.0,3.0,2.0,1.0
143,9.0,11.0,6.0,25.0,18.0,4.0,15.0,5.0,2.0,1.0
144,9.0,11.0,6.0,25.0,18.0,4.0,15.0,5.0,2.0,1.0
145,4.0,11.0,7.0,22.0,15.0,2.0,5.0,2.0,1.0,1.0
146,6.0,14.0,10.0,24.0,16.0,3.0,3.0,2.0,2.0,1.0
147,18.0,22.0,12.0,20.0,13.0,4.0,9.0,7.0,8.0,3.0
148,1.0,5.0,2.0,8.0,8.0,,3.0,,1.0,
149,1.0,5.0,2.0,8.0,8.0,,3.0,,1.0,
150,1.0,5.0,2.0,8.0,8.0,,3.0,,1.0,
151,47.0,50.0,27.0,56.0,39.0,14.0,21.0,5.0,13.0,4.0
152,75.0,107.0,48.0,117.0,64.0,30.0,68.0,34.0,31.0,23.0
153,18.0,32.0,20.0,41.0,23.0,8.0,17.0,14.0,13.0,11.0
154,17.0,30.0,17.0,39.0,29.0,6.0,16.0,17.0,14.0,10.0
155,17.0,30.0,17.0,39.0,29.0,6.0,16.0,17.0,14.0,10.0
156,30.0,35.0,19.0,45.0,33.0,10.0,19.0,13.0,12.0,11.0
157,10.0,10.0,6.0,25.0,14.0,5.0,9.0,2.0,2.0,2.0
158,22.0,30.0,11.0,63.0,33.0,5.0,26.0,8.0,10.0,8.0
159,31.0,40.0,24.0,36.0,25.0,6.0,13.0,5.0,11.0,7.0
160,17.0,19.0,6.0,33.0,19.0,5.0,17.0,8.0,8.0,1.0
161,17.0,19.0,6.0,33.0,19.0,5.0,17.0,8.0,8.0,1.0
162,18.0,22.0,10.0,46.0,26.0,7.0,20.0,9.0,11.0,4.0
163,11.0,15.0,6.0,36.0,26.0,3.0,15.0,2.0,5.0,1.0
164,11.0,15.0,6.0,36.0,26.0,3.0,15.0,2.0,5.0,1.0
165,11.0,15.0,6.0,36.0,26.0,3.0,15.0,2.0,5.0,1.0
166,5.0,13.0,7.0,34.0,21.0,5.0,10.0,5.0,5.0,
167,5.0,13.0,7.0,34.0,21.0,5.0,10.0,5.0,5.0,
168,22.0,20.0,11.0,75.0,41.0,10.0,38.0,11.0,6.0,4.0
169,22.0,20.0,11.0,75.0,41.0,10.0,38.0,11.0,6.0,4.0
170,22.0,20.0,11.0,75.0,41.0,10.0,38.0,11.0,6.0,4.0
171,18.0,19.0,6.0,37.0,22.0,3.0,27.0,4.0,7.0,1.0
172,18.0,19.0,6.0,37.0,22.0,3.0,27.0,4.0,7.0,1.0
173,10.0,21.0,9.0,43.0,21.0,7.0,21.0,5.0,7.0,5.0
174,14.0,25.0,10.0,30.0,15.0,4.0,16.0,5.0,7.0,
175,10.0,21.0,9.0,43.0,21.0,7.0,21.0,5.0,7.0,5.0
176,10.0,21.0,9.0,43.0,21.0,7.0,21.0,5.0,7.0,5.0
177,14.0,25.0,10.0,30.0,15.0,4.0,16.0,5.0,7.0,
178,10.0,21.0,9.0,43.0,21.0,7.0,21.0,5.0,7.0,5.0
179,14.0,25.0,10.0,30.0,15.0,4.0,16.0,5.0,7.0,
180,10.0,21.0,9.0,43.0,21.0,7.0,21.0,5.0,7.0,5.0
181,5.0,7.0,4.0,8.0,7.0,3.0,6.0,3.0,5.0,1.0
182,23.0,29.0,14.0,55.0,37.0,11.0,18.0,12.0,16.0,5.0
183,23.0,29.0,14.0,55.0,37.0,11.0,18.0,12.0,16.0,5.0
184,17.0,29.0,13.0,29.0,21.0,2.0,12.0,7.0,7.0,1.0
185,16.0,18.0,6.0,35.0,19.0,5.0,22.0,6.0,7.0,5.0
186,6.0,15.0,6.0,24.0,16.0,3.0,16.0,4.0,3.0,4.0
187,44.0,87.0,28.0,90.0,62.0,7.0,46.0,17.0,21.0,13.0
188,8.0,8.0,3.0,23.0,14.0,5.0,18.0,8.0,1.0,
189,5.0,7.0,4.0,12.0,8.0,2.0,5.0,1.0,1.0,
190,,4.0,2.0,10.0,8.0,3.0,9.0,2.0,,
191,57.0,65.0,32.0,94.0,64.0,12.0,49.0,8.0,18.0,18.0
192,,4.0,2.0,10.0,8.0,3.0,9.0,2.0,,
193,30.0,25.0,12.0,36.0,21.0,5.0,13.0,5.0,5.0,5.0
194,22.0,29.0,14.0,24.0,22.0,6.0,11.0,11.0,11.0,7.0
195,35.0,44.0,23.0,34.0,32.0,11.0,16.0,17.0,18.0,10.0
196,13.0,15.0,2.0,15.0,9.0,3.0,11.0,2.0,1.0,
197,8.0,15.0,5.0,45.0,27.0,2.0,14.0,4.0,,
198,29.0,31.0,21.0,32.0,24.0,8.0,26.0,7.0,11.0,12.0
199,29.0,31.0,21.0,32.0,24.0,8.0,26.0,7.0,11.0,12.0
200,11.0,14.0,4.0,31.0,23.0,9.0,22.0,11.0,6.0,2.0
201,11.0,14.0,4.0,31.0,23.0,9.0,22.0,11.0,6.0,2.0
202,4.0,5.0,3.0,23.0,18.0,2.0,10.0,2.0,,2.0
203,11.0,11.0,7.0,30.0,16.0,2.0,9.0,2.0,1.0,
204,5.0,11.0,6.0,25.0,10.0,1.0,6.0,3.0,6.0,3.0
205,11.0,13.0,3.0,45.0,16.0,5.0,19.0,4.0,1.0,1.0
206,6.0,6.0,5.0,28.0,21.0,1.0,11.0,10.0,2.0,1.0
207,6.0,6.0,5.0,28.0,21.0,1.0,11.0,10.0,2.0,1.0
208,3.0,4.0,2.0,23.0,14.0,,10.0,9.0,1.0,
209,9.0,13.0,9.0,23.0,11.0,5.0,14.0,3.0,3.0,5.0
210,6.0,7.0,4.0,10.0,11.0,2.0,5.0,2.0,3.0,1.0
211,4.0,6.0,2.0,18.0,15.0,1.0,5.0,1.0,1.0,
212,4.0,6.0,2.0,18.0,15.0,1.0,5.0,1.0,1.0,
213,24.0,30.0,18.0,21.0,17.0,11.0,25.0,6.0,11.0,7.0
214,24.0,30.0,18.0,21.0,17.0,11.0,25.0,6.0,11.0,7.0
215,11.0,15.0,8.0,15.0,10.0,2.0,7.0,2.0,4.0,3.0
216,8.0,15.0,7.0,6.0,16.0,1.0,6.0,1.0,3.0,2.0
217,8.0,15.0,7.0,6.0,16.0,1.0,6.0,1.0,3.0,2.0
218,8.0,15.0,7.0,6.0,16.0,1.0,6.0,1.0,3.0,2.0
219,6.0,5.0,3.0,16.0,5.0,,3.0,,,1.0
220,12.0,17.0,4.0,36.0,18.0,1.0,8.0,2.0,5.0,
221,37.0,37.0,25.0,43.0,28.0,9.0,25.0,7.0,13.0,7.0
222,11.0,9.0,3.0,11.0,12.0,3.0,11.0,1.0,8.0,2.0
223,7.0,7.0,6.0,15.0,10.0,4.0,8.0,3.0,1.0,
224,2.0,3.0,1.0,8.0,4.0,,2.0,3.0,,1.0
225,9.0,9.0,8.0,16.0,9.0,4.0,10.0,3.0,2.0,
226,20.0,33.0,17.0,32.0,21.0,9.0,19.0,13.0,9.0,5.0
227,20.0,32.0,16.0,33.0,22.0,8.0,18.0,12.0,9.0,4.0
228,20.0,32.0,16.0,29.0,19.0,7.0,17.0,10.0,8.0,5.0
229,20.0,33.0,17.0,32.0,21.0,9.0,19.0,13.0,9.0,5.0
230,7.0,11.0,2.0,19.0,5.0,1.0,7.0,1.0,2.0,1.0
231,6.0,7.0,3.0,11.0,9.0,6.0,6.0,3.0,1.0,1.0
232,13.0,10.0,3.0,20.0,30.0,1.0,21.0,4.0,1.0,1.0
233,7.0,10.0,5.0,20.0,6.0,1.0,11.0,3.0,5.0,2.0
234,15.0,10.0,3.0,7.0,4.0,,7.0,3.0,,
235,15.0,16.0,14.0,13.0,15.0,4.0,12.0,4.0,5.0,5.0
236,4.0,7.0,4.0,6.0,3.0,1.0,5.0,3.0,1.0,
237,4.0,7.0,4.0,6.0,3.0,1.0,5.0,3.0,1.0,
238,4.0,7.0,4.0,6.0,3.0,1.0,5.0,3.0,1.0,
239,6.0,7.0,2.0,27.0,15.0,2.0,9.0,3.0,2.0,1.0
240,39.0,60.0,29.0,41.0,25.0,6.0,17.0,7.0,9.0,15.0
241,5.0,9.0,4.0,24.0,9.0,2.0,7.0,2.0,1.0,
242,7.0,10.0,5.0,15.0,13.0,,9.0,2.0,4.0,4.0
243,3.0,5.0,1.0,9.0,6.0,2.0,3.0,1.0,1.0,
244,3.0,5.0,1.0,9.0,6.0,2.0,3.0,1.0,1.0,
245,25.0,42.0,19.0,47.0,34.0,12.0,44.0,10.0,18.0,11.0
246,5.0,8.0,4.0,22.0,8.0,2.0,7.0,2.0,1.0,
247,18.0,28.0,14.0,55.0,13.0,3.0,19.0,4.0,5.0,2.0
248,17.0,21.0,9.0,29.0,15.0,1.0,23.0,4.0,6.0,3.0
249,10.0,13.0,5.0,38.0,24.0,6.0,22.0,9.0,6.0,2.0
250,10.0,13.0,5.0,38.0,24.0,6.0,22.0,9.0,6.0,2.0
251,17.0,21.0,9.0,29.0,15.0,1.0,23.0,4.0,6.0,3.0
252,27.0,27.0,17.0,32.0,19.0,7.0,15.0,3.0,3.0,1.0
253,27.0,27.0,17.0,30.0,19.0,7.0,15.0,3.0,3.0,1.0
254,3.0,3.0,1.0,20.0,14.0,1.0,10.0,4.0,1.0,1.0
255,17.0,23.0,13.0,22.0,11.0,5.0,11.0,2.0,8.0,4.0
256,9.0,11.0,2.0,15.0,9.0,5.0,10.0,3.0,,
257,10.0,18.0,8.0,17.0,8.0,2.0,9.0,4.0,5.0,2.0
258,16.0,28.0,17.0,40.0,21.0,8.0,16.0,13.0,12.0,9.0
259,26.0,34.0,18.0,44.0,23.0,3.0,14.0,3.0,10.0,3.0
260,46.0,74.0,36.0,76.0,40.0,22.0,34.0,26.0,31.0,21.0
261,2.0,3.0,2.0,11.0,4.0,1.0,,3.0,,
262,2.0,3.0,2.0,11.0,4.0,1.0,,3.0,,
263,9.0,13.0,3.0,22.0,12.0,4.0,12.0,5.0,6.0,1.0
264,3.0,3.0,2.0,15.0,7.0,4.0,3.0,1.0,1.0,2.0
265,10.0,14.0,7.0,38.0,19.0,6.0,10.0,8.0,8.0,3.0
266,14.0,15.0,6.0,29.0,15.0,4.0,8.0,3.0,7.0,2.0
267,5.0,8.0,3.0,27.0,14.0,3.0,11.0,9.0,,
268,2.0,7.0,2.0,28.0,11.0,2.0,14.0,2.0,6.0,1.0
269,2.0,7.0,2.0,28.0,11.0,2.0,14.0,2.0,6.0,1.0
270,10.0,13.0,6.0,19.0,9.0,6.0,8.0,2.0,10.0,3.0
271,10.0,13.0,6.0,19.0,9.0,6.0,8.0,2.0,10.0,3.0
272,2.0,2.0,1.0,9.0,4.0,3.0,2.0,1.0,2.0,
273,2.0,2.0,1.0,7.0,3.0,2.0,1.0,1.0,2.0,
274,2.0,4.0,4.0,8.0,4.0,1.0,3.0,2.0,,
275,12.0,23.0,6.0,51.0,17.0,4.0,11.0,9.0,6.0,3.0
276,8.0,15.0,6.0,17.0,7.0,2.0,11.0,2.0,6.0,
277,17.0,15.0,8.0,25.0,13.0,5.0,13.0,3.0,5.0,4.0
278,8.0,15.0,6.0,17.0,7.0,2.0,11.0,2.0,6.0,
279,8.0,15.0,6.0,17.0,7.0,2.0,11.0,2.0,6.0,
280,8.0,10.0,4.0,11.0,5.0,,3.0,1.0,1.0,2.0
281,8.0,10.0,4.0,11.0,5.0,,3.0,1.0,1.0,2.0
282,31.0,42.0,17.0,44.0,23.0,14.0,22.0,11.0,12.0,8.0
283,26.0,36.0,15.0,43.0,24.0,15.0,20.0,11.0,13.0,9.0
284,11.0,20.0,7.0,17.0,12.0,4.0,10.0,2.0,6.0,2.0
285,22.0,32.0,13.0,30.0,23.0,6.0,13.0,4.0,6.0,7.0
286,197.0,243.0,149.0,419.0,263.0,42.0,153.0,82.0,81.0,33.0
287,19.0,31.0,8.0,47.0,25.0,4.0,28.0,7.0,6.0,2.0
288,38.0,71.0,27.0,83.0,55.0,13.0,33.0,25.0,16.0,12.0
289,10.0,12.0,3.0,27.0,14.0,7.0,16.0,6.0,2.0,1.0
290,10.0,12.0,3.0,27.0,14.0,7.0,16.0,6.0,2.0,1.0
291,15.0,28.0,16.0,18.0,9.0,1.0,5.0,3.0,8.0,5.0
292,15.0,28.0,16.0,18.0,9.0,1.0,5.0,3.0,8.0,5.0
293,27.0,33.0,15.0,24.0,16.0,7.0,18.0,5.0,9.0,4.0
294,12.0,15.0,10.0,14.0,8.0,2.0,5.0,3.0,5.0,7.0
295,17.0,22.0,10.0,12.0,6.0,5.0,7.0,3.0,6.0,4.0
296,11.0,15.0,6.0,16.0,9.0,10.0,19.0,1.0,4.0,1.0
297,81.0,117.0,78.0,93.0,59.0,24.0,50.0,18.0,43.0,33.0
298,81.0,115.0,78.0,81.0,51.0,25.0,49.0,17.0,44.0,33.0
299,28.0,32.0,18.0,25.0,19.0,11.0,15.0,8.0,11.0,6.0
300,18.0,24.0,23.0,18.0,16.0,4.0,8.0,1.0,5.0,5.0
301,6.0,10.0,9.0,11.0,10.0,5.0,8.0,5.0,1.0,
302,7.0,2.0,5.0,10.0,10.0,2.0,3.0,1.0,,
303,29.0,39.0,19.0,171.0,66.0,21.0,54.0,42.0,6.0,3.0
304,16.0,21.0,8.0,33.0,31.0,1.0,18.0,4.0,1.0,
305,16.0,21.0,8.0,32.0,31.0,1.0,19.0,3.0,1.0,
306,15.0,19.0,8.0,31.0,29.0,1.0,17.0,3.0,,
307,16.0,21.0,8.0,32.0,31.0,1.0,19.0,3.0,1.0,
308,11.0,7.0,,12.0,8.0,1.0,9.0,1.0,2.0,1.0
309,23.0,33.0,23.0,34.0,10.0,4.0,15.0,4.0,4.0,3.0
310,30.0,37.0,18.0,50.0,28.0,5.0,25.0,10.0,17.0,6.0
311,3.0,5.0,1.0,18.0,12.0,2.0,5.0,2.0,,
312,16.0,28.0,17.0,33.0,19.0,6.0,14.0,5.0,3.0,5.0
313,37.0,38.0,27.0,45.0,33.0,,16.0,3.0,4.0,3.0
314,6.0,9.0,4.0,16.0,11.0,3.0,8.0,4.0,2.0,2.0
315,8.0,12.0,3.0,19.0,10.0,3.0,9.0,2.0,7.0,1.0
316,21.0,32.0,13.0,30.0,20.0,6.0,15.0,8.0,8.0,8.0
317,5.0,5.0,4.0,13.0,10.0,2.0,4.0,,,
318,3.0,14.0,8.0,27.0,23.0,,10.0,4.0,4.0,
319,16.0,28.0,12.0,30.0,17.0,6.0,20.0,6.0,2.0,4.0
320,2.0,3.0,2.0,8.0,3.0,1.0,6.0,5.0,,
321,16.0,15.0,9.0,35.0,22.0,6.0,20.0,5.0,3.0,
322,9.0,15.0,4.0,17.0,11.0,2.0,6.0,3.0,5.0,1.0
323,37.0,39.0,22.0,57.0,37.0,7.0,31.0,9.0,15.0,9.0
324,8.0,9.0,5.0,29.0,14.0,5.0,11.0,4.0,3.0,1.0
325,30.0,54.0,26.0,66.0,48.0,5.0,27.0,8.0,16.0,4.0
326,17.0,22.0,12.0,24.0,17.0,4.0,15.0,5.0,6.0,3.0
327,11.0,9.0,6.0,20.0,12.0,4.0,11.0,5.0,3.0,2.0
328,15.0,17.0,10.0,33.0,21.0,1.0,13.0,6.0,6.0,6.0
329,15.0,17.0,10.0,33.0,21.0,1.0,13.0,6.0,6.0,6.0
330,19.0,26.0,10.0,34.0,29.0,6.0,17.0,8.0,8.0,1.0
331,21.0,45.0,17.0,52.0,19.0,7.0,24.0,10.0,10.0,5.0
332,5.0,13.0,2.0,20.0,9.0,3.0,11.0,4.0,3.0,
333,14.0,12.0,15.0,26.0,22.0,2.0,8.0,2.0,5.0,4.0
334,22.0,23.0,10.0,19.0,22.0,4.0,11.0,4.0,4.0,
335,13.0,13.0,9.0,31.0,20.0,8.0,18.0,7.0,8.0,7.0
336,60.0,77.0,43.0,110.0,57.0,13.0,63.0,15.0,22.0,20.0
337,19.0,26.0,14.0,53.0,30.0,2.0,26.0,2.0,7.0,4.0
338,38.0,59.0,30.0,55.0,40.0,17.0,30.0,15.0,21.0,18.0
339,1.0,4.0,1.0,23.0,13.0,3.0,6.0,1.0,6.0,
340,5.0,8.0,8.0,18.0,10.0,1.0,2.0,,7.0,
341,5.0,8.0,8.0,18.0,10.0,1.0,2.0,,7.0,
342,5.0,8.0,8.0,18.0,10.0,1.0,2.0,,7.0,
343,17.0,20.0,9.0,40.0,22.0,7.0,12.0,5.0,7.0,5.0
344,17.0,20.0,9.0,40.0,22.0,7.0,12.0,5.0,7.0,5.0
345,39.0,54.0,31.0,83.0,36.0,13.0,30.0,10.0,12.0,13.0
346,7.0,13.0,2.0,27.0,20.0,1.0,8.0,3.0,9.0,2.0
347,3.0,8.0,4.0,15.0,7.0,,4.0,,4.0,4.0
348,14.0,26.0,7.0,29.0,16.0,5.0,14.0,3.0,6.0,2.0
349,9.0,10.0,5.0,17.0,7.0,1.0,6.0,4.0,3.0,1.0
350,252.0,334.0,155.0,467.0,260.0,62.0,159.0,66.0,96.0,66.0
351,200.0,277.0,132.0,374.0,213.0,45.0,128.0,52.0,79.0,56.0
352,9.0,12.0,3.0,25.0,16.0,2.0,13.0,4.0,2.0,1.0
353,9.0,12.0,3.0,25.0,16.0,2.0,13.0,4.0,2.0,1.0
354,44.0,68.0,29.0,104.0,43.0,9.0,53.0,19.0,29.0,15.0
355,225.0,286.0,142.0,485.0,269.0,68.0,187.0,57.0,61.0,53.0
356,2.0,5.0,3.0,14.0,5.0,3.0,6.0,2.0,1.0,
357,31.0,59.0,20.0,78.0,57.0,15.0,36.0,18.0,25.0,15.0
358,15.0,23.0,13.0,28.0,24.0,7.0,18.0,9.0,10.0,3.0
359,16.0,23.0,12.0,44.0,37.0,4.0,16.0,7.0,5.0,1.0
360,24.0,27.0,10.0,52.0,20.0,2.0,18.0,5.0,8.0,6.0
361,24.0,27.0,10.0,52.0,20.0,2.0,18.0,5.0,8.0,6.0
362,24.0,26.0,10.0,51.0,20.0,2.0,18.0,5.0,7.0,6.0
363,16.0,23.0,12.0,44.0,37.0,4.0,16.0,7.0,5.0,1.0
364,15.0,19.0,7.0,41.0,22.0,7.0,19.0,9.0,11.0,4.0
365,17.0,25.0,14.0,25.0,11.0,3.0,11.0,6.0,6.0,3.0
366,57.0,80.0,44.0,77.0,50.0,13.0,36.0,17.0,22.0,19.0
367,34.0,54.0,24.0,56.0,40.0,8.0,25.0,13.0,12.0,13.0
368,13.0,16.0,8.0,14.0,7.0,6.0,9.0,,5.0,5.0
369,258.0,366.0,194.0,477.0,258.0,87.0,200.0,63.0,68.0,60.0
370,10.0,9.0,3.0,39.0,29.0,4.0,9.0,4.0,4.0,1.0
371,20.0,20.0,10.0,75.0,40.0,10.0,36.0,11.0,6.0,4.0
372,218.0,255.0,137.0,387.0,211.0,82.0,161.0,77.0,78.0,73.0
373,14.0,21.0,8.0,38.0,12.0,1.0,9.0,3.0,4.0,9.0
374,25.0,32.0,12.0,60.0,29.0,6.0,19.0,5.0,11.0,4.0
375,6.0,9.0,1.0,13.0,8.0,4.0,5.0,2.0,1.0,1.0
376,6.0,10.0,2.0,26.0,14.0,2.0,14.0,2.0,2.0,
377,22.0,33.0,9.0,28.0,24.0,2.0,15.0,,10.0,2.0
378,18.0,30.0,6.0,38.0,17.0,2.0,10.0,5.0,8.0,2.0
379,10.0,10.0,1.0,25.0,8.0,2.0,13.0,2.0,2.0,1.0
380,10.0,10.0,1.0,25.0,8.0,2.0,13.0,2.0,2.0,1.0
381,18.0,31.0,6.0,38.0,22.0,2.0,10.0,5.0,8.0,2.0
382,10.0,21.0,12.0,12.0,11.0,1.0,9.0,1.0,2.0,3.0
383,10.0,12.0,1.0,29.0,12.0,1.0,7.0,5.0,5.0,
384,10.0,21.0,12.0,12.0,11.0,1.0,9.0,1.0,2.0,3.0
385,10.0,21.0,12.0,12.0,11.0,1.0,9.0,1.0,2.0,3.0
386,11.0,13.0,6.0,25.0,11.0,4.0,9.0,5.0,1.0,1.0
387,11.0,13.0,6.0,25.0,11.0,4.0,9.0,5.0,1.0,1.0
388,16.0,16.0,5.0,40.0,17.0,5.0,22.0,1.0,,3.0
389,23.0,33.0,12.0,34.0,10.0,5.0,16.0,3.0,4.0,5.0
390,30.0,41.0,12.0,45.0,36.0,10.0,19.0,4.0,11.0,10.0
391,23.0,33.0,12.0,34.0,10.0,5.0,16.0,3.0,4.0,5.0
392,23.0,33.0,12.0,34.0,10.0,5.0,16.0,3.0,4.0,5.0
393,23.0,33.0,12.0,34.0,10.0,5.0,16.0,3.0,4.0,5.0
394,59.0,81.0,50.0,69.0,37.0,15.0,43.0,11.0,30.0,19.0
395,21.0,32.0,15.0,44.0,37.0,13.0,27.0,6.0,5.0,4.0
396,28.0,31.0,22.0,24.0,6.0,12.0,17.0,9.0,14.0,16.0
397,28.0,31.0,22.0,24.0,6.0,12.0,17.0,9.0,14.0,16.0
398,11.0,17.0,7.0,29.0,13.0,2.0,15.0,5.0,2.0,2.0
399,11.0,17.0,7.0,29.0,13.0,2.0,15.0,5.0,2.0,2.0
400,4.0,5.0,3.0,23.0,18.0,2.0,10.0,2.0,,2.0
401,6.0,6.0,5.0,28.0,21.0,1.0,11.0,10.0,2.0,1.0
402,6.0,6.0,5.0,28.0,21.0,1.0,11.0,10.0,2.0,1.0
403,10.0,13.0,8.0,49.0,24.0,2.0,15.0,6.0,2.0,2.0
404,10.0,13.0,8.0,49.0,24.0,2.0,15.0,6.0,2.0,2.0
405,18.0,16.0,11.0,29.0,24.0,6.0,11.0,3.0,6.0,1.0
406,18.0,16.0,11.0,29.0,24.0,6.0,11.0,3.0,6.0,1.0
407,10.0,17.0,12.0,17.0,14.0,1.0,5.0,1.0,1.0,1.0
408,11.0,17.0,9.0,35.0,24.0,1.0,20.0,8.0,5.0,4.0
409,13.0,22.0,3.0,25.0,19.0,12.0,9.0,4.0,1.0,2.0
410,13.0,22.0,3.0,25.0,19.0,12.0,9.0,4.0,1.0,2.0
411,11.0,18.0,8.0,37.0,20.0,3.0,10.0,9.0,7.0,3.0
412,11.0,18.0,8.0,37.0,20.0,3.0,10.0,9.0,7.0,3.0
413,11.0,13.0,9.0,39.0,24.0,2.0,14.0,5.0,10.0,3.0
414,11.0,13.0,9.0,39.0,24.0,2.0,14.0,5.0,10.0,3.0
415,11.0,13.0,9.0,39.0,24.0,2.0,14.0,5.0,10.0,3.0
416,11.0,13.0,9.0,39.0,24.0,2.0,14.0,5.0,10.0,3.0
417,10.0,11.0,4.0,28.0,19.0,,20.0,4.0,3.0,1.0
418,11.0,13.0,9.0,39.0,24.0,2.0,14.0,5.0,10.0,3.0
419,11.0,13.0,9.0,39.0,24.0,2.0,14.0,5.0,10.0,3.0
420,11.0,13.0,9.0,39.0,24.0,2.0,14.0,5.0,10.0,3.0
421,11.0,13.0,9.0,39.0,24.0,2.0,14.0,5.0,10.0,3.0
422,11.0,13.0,9.0,39.0,24.0,2.0,14.0,5.0,10.0,3.0
423,11.0,13.0,9.0,39.0,24.0,2.0,14.0,5.0,10.0,3.0
424,11.0,5.0,2.0,22.0,13.0,2.0,15.0,4.0,,
425,11.0,6.0,2.0,24.0,13.0,2.0,16.0,4.0,,
426,17.0,28.0,13.0,37.0,18.0,5.0,14.0,8.0,11.0,7.0
427,13.0,15.0,11.0,22.0,8.0,6.0,10.0,4.0,4.0,1.0
428,17.0,27.0,11.0,42.0,23.0,4.0,27.0,10.0,4.0,9.0
429,17.0,27.0,11.0,42.0,23.0,4.0,27.0,10.0,4.0,9.0
430,12.0,31.0,14.0,47.0,22.0,10.0,18.0,14.0,9.0,8.0
431,11.0,16.0,4.0,48.0,21.0,6.0,23.0,7.0,3.0,1.0
432,8.0,6.0,6.0,34.0,11.0,2.0,11.0,3.0,2.0,2.0
433,8.0,6.0,6.0,34.0,11.0,2.0,11.0,3.0,2.0,2.0
434,13.0,10.0,3.0,20.0,30.0,1.0,21.0,4.0,1.0,1.0
435,8.0,15.0,8.0,31.0,21.0,3.0,10.0,6.0,5.0,3.0
436,7.0,10.0,5.0,20.0,6.0,1.0,11.0,3.0,5.0,2.0
437,8.0,15.0,8.0,31.0,21.0,3.0,10.0,6.0,5.0,3.0
438,20.0,27.0,17.0,38.0,32.0,8.0,18.0,10.0,2.0,4.0
439,31.0,40.0,23.0,26.0,22.0,12.0,20.0,10.0,19.0,9.0
440,14.0,16.0,4.0,48.0,27.0,9.0,22.0,12.0,4.0,2.0
441,14.0,16.0,4.0,48.0,27.0,9.0,22.0,12.0,4.0,2.0
442,14.0,16.0,4.0,48.0,27.0,9.0,22.0,12.0,4.0,2.0
443,14.0,16.0,4.0,48.0,27.0,9.0,22.0,12.0,4.0,2.0
444,14.0,16.0,4.0,48.0,27.0,9.0,22.0,12.0,4.0,2.0
445,7.0,14.0,2.0,24.0,21.0,2.0,10.0,2.0,,
446,15.0,19.0,12.0,27.0,15.0,3.0,13.0,2.0,6.0,4.0
447,15.0,19.0,12.0,27.0,15.0,3.0,13.0,2.0,6.0,4.0
448,17.0,23.0,14.0,26.0,12.0,5.0,13.0,6.0,5.0,6.0
449,18.0,25.0,14.0,28.0,13.0,5.0,17.0,7.0,5.0,6.0
450,12.0,16.0,4.0,38.0,25.0,2.0,12.0,6.0,3.0,2.0
451,12.0,16.0,4.0,38.0,25.0,2.0,12.0,6.0,3.0,2.0
452,18.0,21.0,9.0,27.0,14.0,4.0,9.0,1.0,4.0,2.0
453,10.0,13.0,5.0,38.0,24.0,6.0,22.0,9.0,6.0,2.0
454,10.0,13.0,5.0,38.0,24.0,6.0,22.0,9.0,6.0,2.0
455,17.0,22.0,7.0,46.0,29.0,9.0,45.0,14.0,5.0,3.0
456,21.0,27.0,10.0,32.0,26.0,9.0,18.0,6.0,7.0,1.0
457,22.0,31.0,13.0,37.0,29.0,9.0,19.0,7.0,9.0,2.0
458,19.0,27.0,10.0,26.0,14.0,5.0,15.0,9.0,6.0,4.0
459,14.0,23.0,11.0,15.0,11.0,3.0,14.0,2.0,7.0,4.0
460,20.0,24.0,8.0,34.0,17.0,7.0,17.0,6.0,6.0,3.0
461,12.0,19.0,12.0,27.0,17.0,5.0,9.0,3.0,5.0,5.0
462,7.0,11.0,4.0,11.0,3.0,,4.0,,2.0,1.0
463,7.0,11.0,4.0,11.0,3.0,,4.0,,2.0,1.0
464,23.0,22.0,9.0,31.0,22.0,6.0,20.0,3.0,5.0,4.0
465,12.0,20.0,12.0,28.0,8.0,1.0,4.0,3.0,4.0,3.0
466,16.0,31.0,11.0,30.0,18.0,10.0,20.0,10.0,11.0,6.0
467,16.0,31.0,11.0,30.0,18.0,10.0,20.0,10.0,11.0,6.0
468,15.0,24.0,14.0,40.0,23.0,4.0,7.0,9.0,1.0,1.0
469,12.0,13.0,11.0,25.0,11.0,4.0,13.0,6.0,5.0,2.0
470,19.0,21.0,9.0,41.0,14.0,5.0,12.0,5.0,8.0,3.0
471,16.0,20.0,11.0,21.0,14.0,4.0,6.0,6.0,4.0,4.0
472,16.0,20.0,11.0,21.0,14.0,4.0,6.0,6.0,4.0,4.0
473,12.0,19.0,6.0,37.0,22.0,1.0,5.0,3.0,6.0,3.0
474,11.0,19.0,6.0,36.0,21.0,1.0,5.0,3.0,6.0,3.0
475,10.0,13.0,2.0,28.0,16.0,4.0,11.0,7.0,5.0,
476,10.0,13.0,2.0,28.0,16.0,4.0,11.0,7.0,5.0,
477,10.0,13.0,2.0,28.0,16.0,4.0,11.0,7.0,5.0,
478,10.0,13.0,2.0,28.0,16.0,4.0,11.0,7.0,5.0,
479,18.0,24.0,4.0,55.0,22.0,5.0,22.0,8.0,4.0,
480,13.0,16.0,3.0,37.0,18.0,2.0,16.0,6.0,1.0,
481,2.0,7.0,2.0,28.0,11.0,2.0,14.0,2.0,6.0,1.0
482,10.0,13.0,6.0,19.0,9.0,6.0,8.0,2.0,10.0,3.0
483,10.0,13.0,6.0,19.0,9.0,6.0,8.0,2.0,10.0,3.0
484,7.0,8.0,2.0,26.0,9.0,,7.0,1.0,3.0,1.0
485,18.0,20.0,6.0,32.0,13.0,7.0,17.0,6.0,5.0,4.0
486,8.0,13.0,6.0,39.0,21.0,2.0,10.0,3.0,6.0,6.0
487,11.0,11.0,4.0,45.0,33.0,4.0,11.0,4.0,5.0,2.0
488,25.0,20.0,13.0,45.0,33.0,8.0,18.0,11.0,5.0,6.0
489,10.0,18.0,7.0,22.0,10.0,3.0,15.0,4.0,6.0,
490,16.0,21.0,6.0,34.0,24.0,5.0,16.0,6.0,7.0,3.0
491,16.0,21.0,6.0,34.0,24.0,5.0,16.0,6.0,7.0,3.0
492,16.0,21.0,6.0,34.0,24.0,5.0,16.0,6.0,7.0,3.0
493,22.0,39.0,15.0,43.0,21.0,7.0,17.0,5.0,13.0,8.0
494,17.0,21.0,7.0,43.0,19.0,2.0,15.0,9.0,11.0,8.0
495,17.0,21.0,7.0,43.0,19.0,2.0,15.0,9.0,11.0,8.0
496,17.0,21.0,7.0,43.0,19.0,2.0,15.0,9.0,11.0,8.0
497,31.0,36.0,23.0,55.0,31.0,8.0,29.0,4.0,11.0,14.0
498,28.0,40.0,15.0,43.0,21.0,9.0,22.0,6.0,10.0,10.0
499,28.0,40.0,15.0,42.0,20.0,9.0,21.0,6.0,10.0,10.0
500,14.0,17.0,16.0,35.0,21.0,5.0,11.0,2.0,3.0,1.0
501,14.0,17.0,16.0,35.0,21.0,5.0,11.0,2.0,3.0,1.0
502,14.0,17.0,16.0,35.0,21.0,5.0,11.0,2.0,3.0,1.0
503,23.0,18.0,21.0,22.0,20.0,4.0,15.0,6.0,4.0,3.0
504,5.0,8.0,6.0,18.0,11.0,1.0,6.0,2.0,2.0,2.0
505,34.0,37.0,20.0,28.0,31.0,14.0,22.0,4.0,4.0,1.0
506,7.0,9.0,6.0,13.0,17.0,2.0,10.0,2.0,5.0,2.0
507,11.0,14.0,10.0,17.0,18.0,2.0,13.0,3.0,5.0,3.0
508,11.0,15.0,7.0,24.0,13.0,3.0,11.0,4.0,4.0,1.0
509,11.0,15.0,7.0,24.0,13.0,3.0,11.0,4.0,4.0,1.0
510,12.0,15.0,11.0,22.0,19.0,2.0,16.0,5.0,5.0,3.0
511,10.0,14.0,7.0,24.0,13.0,3.0,11.0,4.0,3.0,1.0
512,11.0,14.0,11.0,19.0,21.0,2.0,13.0,2.0,6.0,4.0
513,11.0,14.0,11.0,19.0,21.0,2.0,13.0,2.0,6.0,4.0
514,11.0,14.0,11.0,19.0,21.0,2.0,13.0,2.0,6.0,4.0
515,11.0,14.0,11.0,19.0,21.0,2.0,13.0,2.0,6.0,4.0
516,11.0,14.0,11.0,19.0,21.0,2.0,13.0,2.0,6.0,4.0
517,40.0,45.0,29.0,56.0,39.0,10.0,25.0,10.0,9.0,12.0
518,40.0,45.0,29.0,58.0,40.0,10.0,25.0,10.0,9.0,12.0
519,53.0,99.0,57.0,78.0,29.0,18.0,38.0,17.0,24.0,17.0
520,4.0,6.0,4.0,4.0,2.0,,,,2.0,1.0
521,4.0,6.0,4.0,4.0,2.0,,,,2.0,1.0
522,3.0,10.0,4.0,24.0,11.0,3.0,11.0,3.0,2.0,1.0
523,12.0,18.0,11.0,36.0,22.0,2.0,15.0,3.0,5.0,3.0
524,6.0,7.0,3.0,12.0,11.0,2.0,4.0,,2.0,
525,23.0,31.0,19.0,40.0,32.0,7.0,17.0,7.0,12.0,9.0
526,11.0,13.0,7.0,29.0,16.0,6.0,12.0,2.0,2.0,2.0
527,17.0,19.0,10.0,45.0,28.0,5.0,14.0,5.0,2.0,1.0
528,17.0,19.0,10.0,43.0,28.0,5.0,14.0,5.0,2.0,1.0
529,17.0,19.0,10.0,43.0,28.0,5.0,14.0,5.0,2.0,1.0
530,9.0,16.0,4.0,14.0,10.0,2.0,5.0,2.0,6.0,2.0
531,8.0,9.0,3.0,24.0,8.0,3.0,7.0,7.0,,1.0
532,14.0,19.0,14.0,17.0,15.0,5.0,18.0,2.0,4.0,3.0
533,31.0,24.0,22.0,48.0,30.0,9.0,23.0,4.0,8.0,6.0
534,23.0,19.0,11.0,25.0,39.0,1.0,23.0,4.0,,3.0
535,17.0,14.0,17.0,28.0,25.0,3.0,10.0,3.0,5.0,4.0
536,8.0,5.0,3.0,16.0,15.0,,3.0,1.0,,
537,8.0,5.0,3.0,16.0,15.0,,3.0,1.0,,
538,8.0,5.0,3.0,16.0,15.0,,3.0,1.0,,
539,16.0,23.0,13.0,50.0,29.0,2.0,24.0,2.0,6.0,5.0
540,17.0,27.0,13.0,29.0,18.0,9.0,17.0,7.0,14.0,13.0
541,9.0,13.0,4.0,30.0,12.0,5.0,14.0,6.0,11.0,3.0
542,7.0,8.0,1.0,18.0,7.0,1.0,3.0,3.0,3.0,1.0
543,18.0,27.0,12.0,45.0,30.0,11.0,20.0,20.0,13.0,9.0
544,18.0,16.0,12.0,33.0,19.0,1.0,6.0,7.0,6.0,3.0
545,11.0,18.0,8.0,22.0,16.0,3.0,13.0,6.0,2.0,2.0
546,4.0,6.0,3.0,18.0,8.0,,1.0,2.0,,1.0
547,9.0,10.0,3.0,19.0,13.0,2.0,9.0,2.0,2.0,1.0
548,8.0,11.0,8.0,17.0,10.0,3.0,10.0,4.0,4.0,2.0
549,5.0,10.0,3.0,22.0,11.0,5.0,5.0,8.0,3.0,
550,9.0,9.0,1.0,15.0,13.0,1.0,10.0,5.0,4.0,
551,19.0,21.0,2.0,49.0,28.0,6.0,18.0,10.0,14.0,3.0
552,17.0,16.0,3.0,23.0,16.0,,13.0,1.0,6.0,3.0
553,17.0,16.0,3.0,23.0,16.0,,13.0,1.0,6.0,3.0
554,17.0,16.0,3.0,23.0,16.0,,13.0,1.0,6.0,3.0
555,17.0,16.0,3.0,23.0,16.0,,13.0,1.0,6.0,3.0
556,17.0,15.0,5.0,25.0,15.0,3.0,14.0,5.0,5.0,4.0
557,17.0,15.0,5.0,25.0,15.0,3.0,14.0,5.0,5.0,4.0
558,17.0,15.0,5.0,25.0,15.0,3.0,14.0,5.0,5.0,4.0
559,17.0,15.0,5.0,25.0,15.0,3.0,14.0,5.0,5.0,4.0
560,17.0,15.0,5.0,25.0,15.0,3.0,14.0,5.0,5.0,4.0
561,5.0,6.0,2.0,21.0,11.0,3.0,4.0,3.0,3.0,
562,8.0,18.0,5.0,29.0,26.0,3.0,12.0,6.0,3.0,3.0
563,11.0,23.0,14.0,32.0,19.0,7.0,18.0,9.0,6.0,2.0
564,17.0,16.0,8.0,22.0,16.0,2.0,11.0,3.0,5.0,2.0
565,17.0,16.0,8.0,22.0,16.0,2.0,11.0,3.0,5.0,2.0
566,17.0,16.0,8.0,22.0,16.0,2.0,11.0,3.0,5.0,2.0
567,35.0,34.0,16.0,59.0,39.0,12.0,33.0,13.0,11.0,7.0
568,35.0,34.0,16.0,59.0,39.0,12.0,33.0,13.0,11.0,7.0
569,5.0,10.0,4.0,18.0,10.0,3.0,14.0,5.0,3.0,
570,22.0,23.0,17.0,31.0,19.0,7.0,14.0,7.0,4.0,10.0
571,44.0,54.0,25.0,35.0,28.0,11.0,24.0,7.0,8.0,9.0
572,34.0,40.0,17.0,31.0,24.0,9.0,19.0,6.0,9.0,9.0
573,30.0,34.0,18.0,29.0,24.0,9.0,8.0,7.0,9.0,8.0
574,214.0,264.0,130.0,218.0,136.0,57.0,164.0,39.0,177.0,64.0
575,148.0,178.0,86.0,147.0,96.0,36.0,107.0,17.0,123.0,45.0
576,140.0,167.0,80.0,143.0,92.0,34.0,102.0,16.0,119.0,44.0
577,11.0,12.0,6.0,33.0,20.0,3.0,12.0,7.0,,
578,17.0,25.0,9.0,13.0,7.0,3.0,14.0,2.0,2.0,
579,12.0,21.0,9.0,40.0,26.0,2.0,10.0,6.0,2.0,2.0
580,32.0,40.0,20.0,42.0,39.0,2.0,18.0,8.0,10.0,11.0
581,5.0,13.0,5.0,6.0,10.0,1.0,1.0,2.0,3.0,5.0
582,10.0,14.0,6.0,18.0,8.0,5.0,14.0,2.0,1.0,1.0
583,10.0,14.0,6.0,18.0,8.0,5.0,14.0,2.0,1.0,1.0
584,5.0,13.0,5.0,6.0,10.0,1.0,1.0,2.0,3.0,5.0
585,7.0,9.0,6.0,13.0,5.0,2.0,6.0,3.0,3.0,2.0
586,7.0,9.0,6.0,13.0,5.0,2.0,6.0,3.0,3.0,2.0
587,25.0,33.0,11.0,28.0,17.0,3.0,15.0,4.0,7.0,9.0
588,15.0,23.0,13.0,9.0,8.0,4.0,7.0,2.0,5.0,8.0
589,11.0,25.0,6.0,19.0,11.0,3.0,4.0,2.0,1.0,2.0
590,39.0,52.0,21.0,61.0,37.0,11.0,25.0,15.0,16.0,14.0
591,41.0,56.0,25.0,61.0,36.0,10.0,27.0,15.0,17.0,14.0
592,32.0,53.0,18.0,37.0,29.0,7.0,20.0,5.0,18.0,11.0
593,32.0,53.0,18.0,37.0,29.0,7.0,20.0,5.0,18.0,11.0
594,20.0,28.0,13.0,29.0,16.0,7.0,19.0,3.0,9.0,6.0
595,20.0,28.0,13.0,29.0,16.0,7.0,19.0,3.0,9.0,6.0
596,20.0,28.0,13.0,29.0,16.0,7.0,19.0,3.0,9.0,6.0
597,25.0,45.0,21.0,44.0,25.0,11.0,21.0,19.0,18.0,8.0
598,72.0,98.0,51.0,103.0,71.0,20.0,52.0,12.0,37.0,18.0
599,52.0,75.0,39.0,78.0,61.0,13.0,40.0,10.0,28.0,9.0
600,11.0,20.0,9.0,38.0,20.0,5.0,21.0,6.0,4.0,2.0
601,11.0,20.0,9.0,38.0,20.0,5.0,21.0,6.0,4.0,2.0
602,17.0,17.0,18.0,20.0,22.0,2.0,10.0,1.0,8.0,3.0
603,27.0,38.0,23.0,46.0,18.0,7.0,22.0,12.0,8.0,7.0
604,,,,2.0,,,1.0,,,
605,9.0,13.0,7.0,50.0,25.0,2.0,15.0,6.0,3.0,2.0
606,16.0,21.0,8.0,33.0,31.0,1.0,18.0,4.0,1.0,
607,24.0,34.0,17.0,23.0,16.0,10.0,17.0,5.0,10.0,8.0
608,9.0,10.0,2.0,34.0,22.0,2.0,15.0,9.0,1.0,
609,9.0,10.0,2.0,34.0,22.0,2.0,15.0,9.0,1.0,
610,12.0,12.0,6.0,25.0,13.0,4.0,17.0,2.0,1.0,1.0
611,56.0,68.0,32.0,195.0,106.0,28.0,70.0,27.0,21.0,11.0
612,21.0,38.0,15.0,38.0,14.0,18.0,16.0,14.0,7.0,5.0
613,7.0,9.0,5.0,16.0,9.0,1.0,10.0,3.0,2.0,1.0
614,3.0,6.0,1.0,30.0,18.0,1.0,13.0,6.0,4.0,
615,28.0,43.0,19.0,24.0,26.0,3.0,18.0,5.0,10.0,5.0
616,2.0,3.0,,15.0,14.0,1.0,7.0,3.0,1.0,
617,15.0,7.0,4.0,23.0,11.0,3.0,7.0,5.0,2.0,1.0
618,17.0,21.0,15.0,51.0,28.0,8.0,20.0,9.0,4.0,5.0
619,17.0,15.0,10.0,16.0,18.0,3.0,13.0,1.0,5.0,5.0
620,12.0,15.0,8.0,20.0,10.0,3.0,8.0,4.0,1.0,2.0
621,16.0,30.0,8.0,59.0,36.0,9.0,38.0,19.0,10.0,4.0
622,39.0,64.0,31.0,70.0,18.0,22.0,31.0,24.0,18.0,10.0
623,39.0,64.0,31.0,70.0,18.0,22.0,31.0,24.0,18.0,10.0
624,9.0,14.0,5.0,18.0,15.0,7.0,12.0,6.0,9.0,4.0
625,31.0,24.0,22.0,48.0,30.0,9.0,23.0,4.0,8.0,6.0
626,31.0,24.0,22.0,48.0,30.0,9.0,23.0,4.0,8.0,6.0
627,11.0,12.0,5.0,29.0,16.0,,14.0,2.0,3.0,
628,11.0,12.0,5.0,30.0,16.0,,14.0,2.0,3.0,
629,6.0,9.0,5.0,20.0,6.0,1.0,10.0,3.0,4.0,2.0
630,21.0,20.0,5.0,18.0,15.0,5.0,12.0,7.0,12.0,1.0
631,21.0,20.0,5.0,18.0,15.0,5.0,12.0,7.0,12.0,1.0
632,18.0,19.0,3.0,20.0,11.0,2.0,13.0,3.0,8.0,3.0
633,22.0,31.0,13.0,39.0,30.0,3.0,12.0,8.0,12.0,1.0
634,22.0,31.0,13.0,39.0,30.0,3.0,12.0,8.0,12.0,1.0
635,7.0,4.0,3.0,11.0,8.0,,2.0,1.0,1.0,
636,31.0,43.0,23.0,36.0,25.0,11.0,23.0,11.0,21.0,8.0
637,3.0,12.0,2.0,45.0,19.0,,14.0,6.0,1.0,
638,3.0,12.0,2.0,45.0,19.0,,14.0,6.0,1.0,
639,22.0,31.0,13.0,39.0,30.0,3.0,12.0,8.0,12.0,1.0
640,10.0,16.0,6.0,19.0,12.0,1.0,10.0,2.0,5.0,3.0
641,27.0,43.0,17.0,52.0,36.0,6.0,22.0,7.0,23.0,10.0
642,17.0,32.0,10.0,49.0,33.0,15.0,18.0,18.0,10.0,5.0
643,26.0,32.0,8.0,46.0,26.0,4.0,13.0,6.0,9.0,8.0
644,26.0,32.0,8.0,46.0,26.0,4.0,13.0,6.0,9.0,8.0
645,15.0,24.0,12.0,38.0,18.0,6.0,18.0,6.0,5.0,4.0
646,17.0,27.0,12.0,36.0,32.0,2.0,13.0,7.0,10.0,4.0
647,10.0,18.0,4.0,36.0,12.0,3.0,14.0,3.0,6.0,3.0
648,22.0,37.0,18.0,50.0,16.0,8.0,25.0,8.0,4.0,10.0
649,32.0,63.0,25.0,48.0,27.0,8.0,29.0,15.0,20.0,14.0
650,26.0,27.0,14.0,44.0,27.0,4.0,24.0,4.0,5.0,1.0
651,26.0,27.0,14.0,44.0,27.0,4.0,24.0,4.0,5.0,1.0
652,6.0,14.0,5.0,31.0,21.0,2.0,19.0,5.0,2.0,1.0
653,20.0,26.0,17.0,48.0,26.0,4.0,13.0,12.0,5.0,4.0
654,20.0,26.0,17.0,48.0,26.0,4.0,13.0,12.0,5.0,4.0
655,213.0,238.0,145.0,453.0,208.0,67.0,193.0,90.0,61.0,45.0
656,37.0,46.0,31.0,126.0,56.0,9.0,45.0,18.0,7.0,6.0
657,7.0,10.0,10.0,24.0,15.0,5.0,6.0,3.0,4.0,4.0
658,13.0,19.0,2.0,37.0,21.0,5.0,12.0,6.0,3.0,2.0
659,14.0,10.0,4.0,47.0,13.0,2.0,19.0,5.0,6.0,1.0
660,18.0,23.0,10.0,36.0,26.0,11.0,24.0,9.0,2.0,5.0
661,11.0,18.0,12.0,27.0,8.0,1.0,3.0,3.0,3.0,3.0
662,45.0,71.0,31.0,104.0,45.0,9.0,53.0,19.0,30.0,15.0
663,139.0,171.0,90.0,282.0,127.0,40.0,109.0,32.0,32.0,28.0
664,15.0,24.0,14.0,39.0,23.0,4.0,7.0,9.0,1.0,1.0
665,20.0,33.0,18.0,38.0,20.0,4.0,10.0,6.0,6.0,5.0
666,9.0,12.0,7.0,27.0,12.0,1.0,8.0,4.0,,
667,14.0,15.0,14.0,16.0,6.0,9.0,7.0,2.0,6.0,9.0
668,6.0,10.0,3.0,21.0,8.0,1.0,7.0,,1.0,
669,45.0,75.0,29.0,112.0,55.0,23.0,49.0,28.0,31.0,10.0
670,2.0,2.0,1.0,8.0,3.0,3.0,2.0,1.0,2.0,
671,28.0,49.0,18.0,76.0,32.0,8.0,27.0,8.0,10.0,6.0
672,19.0,28.0,20.0,45.0,26.0,7.0,14.0,5.0,6.0,8.0
673,10.0,15.0,11.0,31.0,18.0,3.0,13.0,5.0,6.0,4.0
674,29.0,42.0,16.0,69.0,38.0,9.0,35.0,15.0,13.0,6.0
675,52.0,60.0,28.0,45.0,25.0,9.0,28.0,6.0,25.0,16.0
676,32.0,50.0,30.0,41.0,37.0,2.0,9.0,5.0,10.0,14.0
677,16.0,19.0,6.0,54.0,18.0,3.0,19.0,8.0,4.0,1.0
678,2.0,5.0,4.0,2.0,5.0,1.0,4.0,1.0,1.0,2.0
679,2.0,5.0,4.0,2.0,5.0,1.0,4.0,1.0,1.0,2.0
680,2.0,5.0,4.0,2.0,5.0,1.0,4.0,1.0,1.0,2.0
681,2.0,5.0,4.0,2.0,5.0,1.0,4.0,1.0,1.0,2.0
682,2.0,5.0,4.0,2.0,5.0,1.0,4.0,1.0,1.0,2.0
683,2.0,5.0,4.0,2.0,5.0,1.0,4.0,1.0,1.0,2.0
684,2.0,5.0,4.0,2.0,5.0,1.0,4.0,1.0,1.0,2.0
685,11.0,32.0,14.0,30.0,16.0,13.0,27.0,6.0,4.0,2.0
686,22.0,24.0,14.0,21.0,10.0,4.0,17.0,5.0,7.0,8.0
687,22.0,24.0,14.0,21.0,10.0,4.0,17.0,5.0,7.0,8.0
688,36.0,49.0,27.0,35.0,39.0,13.0,21.0,11.0,10.0,12.0
689,52.0,74.0,32.0,97.0,64.0,18.0,47.0,25.0,17.0,13.0
690,53.0,73.0,31.0,95.0,63.0,18.0,47.0,24.0,17.0,13.0
691,16.0,13.0,8.0,46.0,35.0,5.0,22.0,10.0,6.0,3.0
692,16.0,13.0,8.0,46.0,35.0,5.0,22.0,10.0,6.0,3.0
693,16.0,13.0,8.0,46.0,35.0,5.0,22.0,10.0,6.0,3.0
694,16.0,13.0,8.0,46.0,35.0,5.0,22.0,10.0,6.0,3.0
695,26.0,38.0,12.0,39.0,33.0,4.0,14.0,4.0,10.0,9.0
696,14.0,25.0,9.0,39.0,24.0,8.0,24.0,6.0,6.0,1.0
697,7.0,12.0,6.0,14.0,4.0,2.0,6.0,3.0,3.0,2.0
698,14.0,25.0,9.0,39.0,24.0,8.0,24.0,6.0,6.0,1.0
699,33.0,45.0,24.0,38.0,24.0,13.0,19.0,5.0,13.0,8.0
700,11.0,20.0,9.0,38.0,20.0,5.0,21.0,6.0,4.0,2.0
701,13.0,21.0,10.0,49.0,33.0,6.0,25.0,10.0,5.0,2.0
702,17.0,18.0,7.0,40.0,23.0,5.0,23.0,8.0,6.0,3.0
703,4.0,9.0,7.0,13.0,4.0,1.0,7.0,1.0,2.0,
704,5.0,10.0,8.0,13.0,4.0,1.0,7.0,1.0,2.0,
705,18.0,22.0,17.0,41.0,27.0,6.0,19.0,5.0,6.0,1.0
706,44.0,77.0,40.0,95.0,55.0,17.0,39.0,23.0,29.0,18.0
707,28.0,14.0,12.0,31.0,21.0,4.0,19.0,3.0,5.0,1.0
708,28.0,14.0,12.0,31.0,21.0,4.0,19.0,3.0,5.0,1.0
709,33.0,50.0,23.0,77.0,45.0,11.0,31.0,17.0,15.0,5.0
710,14.0,19.0,4.0,12.0,11.0,2.0,5.0,2.0,12.0,1.0
711,9.0,9.0,6.0,17.0,12.0,,9.0,1.0,,
712,14.0,14.0,7.0,25.0,13.0,2.0,7.0,3.0,2.0,2.0
713,21.0,25.0,19.0,39.0,16.0,3.0,14.0,7.0,10.0,9.0
714,14.0,16.0,8.0,19.0,6.0,9.0,12.0,4.0,5.0,4.0
715,7.0,15.0,6.0,20.0,11.0,1.0,10.0,2.0,7.0,2.0
716,20.0,27.0,15.0,20.0,15.0,7.0,15.0,4.0,10.0,7.0
717,11.0,18.0,8.0,37.0,21.0,4.0,9.0,7.0,7.0,4.0
718,45.0,69.0,25.0,47.0,31.0,7.0,17.0,6.0,22.0,16.0
719,13.0,15.0,10.0,40.0,16.0,5.0,11.0,3.0,,1.0
720,21.0,31.0,11.0,45.0,29.0,2.0,23.0,5.0,11.0,4.0
721,13.0,6.0,11.0,18.0,21.0,3.0,7.0,3.0,1.0,
722,7.0,9.0,7.0,10.0,10.0,6.0,7.0,,2.0,
723,7.0,9.0,7.0,10.0,10.0,6.0,7.0,,2.0,
724,25.0,26.0,14.0,45.0,24.0,3.0,28.0,6.0,9.0,3.0
725,24.0,28.0,14.0,43.0,19.0,2.0,27.0,5.0,10.0,4.0
726,10.0,19.0,5.0,23.0,12.0,4.0,10.0,4.0,6.0,2.0
727,10.0,15.0,8.0,14.0,13.0,2.0,8.0,1.0,4.0,2.0
728,11.0,14.0,3.0,14.0,14.0,3.0,9.0,2.0,6.0,
729,12.0,22.0,10.0,38.0,22.0,4.0,19.0,5.0,7.0,4.0
730,13.0,27.0,11.0,43.0,24.0,4.0,20.0,5.0,10.0,5.0
731,4.0,6.0,1.0,21.0,13.0,1.0,12.0,7.0,1.0,
732,13.0,20.0,8.0,33.0,16.0,1.0,19.0,6.0,5.0,
733,5.0,6.0,3.0,12.0,11.0,,10.0,2.0,2.0,1.0
734,5.0,6.0,3.0,12.0,11.0,,10.0,2.0,2.0,1.0
735,18.0,17.0,8.0,10.0,16.0,4.0,7.0,3.0,2.0,
736,20.0,35.0,13.0,37.0,34.0,2.0,20.0,6.0,13.0,3.0
737,36.0,17.0,3.0,85.0,52.0,6.0,38.0,18.0,1.0,1.0
738,12.0,11.0,9.0,17.0,14.0,2.0,7.0,4.0,4.0,5.0
739,27.0,30.0,14.0,38.0,27.0,7.0,22.0,10.0,10.0,3.0
740,27.0,30.0,14.0,38.0,27.0,7.0,22.0,10.0,10.0,3.0
741,7.0,9.0,4.0,23.0,12.0,3.0,11.0,3.0,1.0,
742,29.0,31.0,25.0,62.0,33.0,8.0,29.0,9.0,6.0,4.0
743,6.0,5.0,2.0,34.0,23.0,1.0,10.0,3.0,5.0,2.0
744,19.0,28.0,17.0,50.0,15.0,7.0,26.0,14.0,8.0,9.0
745,29.0,31.0,25.0,58.0,30.0,8.0,28.0,8.0,6.0,4.0
746,10.0,18.0,12.0,25.0,12.0,2.0,19.0,5.0,6.0,3.0
747,23.0,24.0,14.0,39.0,28.0,4.0,26.0,6.0,7.0,2.0
748,23.0,24.0,14.0,39.0,28.0,4.0,26.0,6.0,7.0,2.0
749,23.0,24.0,14.0,39.0,28.0,4.0,26.0,6.0,7.0,2.0
750,23.0,24.0,14.0,39.0,28.0,4.0,26.0,6.0,7.0,2.0
751,4.0,9.0,2.0,19.0,8.0,5.0,8.0,6.0,2.0,1.0
752,4.0,9.0,2.0,19.0,8.0,5.0,8.0,6.0,2.0,1.0
753,17.0,25.0,14.0,43.0,14.0,4.0,18.0,10.0,6.0,5.0
754,6.0,9.0,4.0,37.0,15.0,5.0,17.0,11.0,1.0,3.0
755,6.0,9.0,7.0,8.0,10.0,3.0,5.0,1.0,2.0,2.0
756,20.0,15.0,13.0,19.0,15.0,2.0,12.0,2.0,3.0,3.0
757,23.0,27.0,13.0,36.0,23.0,4.0,12.0,3.0,8.0,3.0
758,23.0,27.0,13.0,36.0,23.0,4.0,12.0,3.0,8.0,3.0
759,6.0,17.0,8.0,26.0,16.0,8.0,10.0,6.0,8.0,2.0
760,6.0,17.0,8.0,26.0,16.0,8.0,10.0,6.0,8.0,2.0
761,5.0,8.0,5.0,21.0,9.0,1.0,6.0,3.0,,
762,11.0,16.0,3.0,36.0,15.0,3.0,17.0,9.0,9.0,3.0
763,17.0,12.0,5.0,13.0,15.0,1.0,7.0,2.0,3.0,2.0
764,7.0,5.0,6.0,9.0,5.0,1.0,6.0,2.0,,1.0
765,7.0,5.0,6.0,9.0,5.0,1.0,6.0,2.0,,1.0
766,18.0,25.0,12.0,16.0,13.0,4.0,9.0,4.0,5.0,4.0
767,3.0,4.0,2.0,17.0,12.0,3.0,6.0,2.0,,
768,32.0,40.0,23.0,43.0,19.0,6.0,17.0,9.0,12.0,12.0
769,31.0,39.0,22.0,44.0,19.0,6.0,18.0,9.0,12.0,12.0
770,31.0,39.0,22.0,44.0,19.0,6.0,18.0,9.0,12.0,12.0
771,32.0,39.0,23.0,42.0,19.0,6.0,19.0,9.0,12.0,12.0
772,61.0,84.0,48.0,93.0,53.0,21.0,44.0,26.0,31.0,18.0
773,10.0,15.0,12.0,33.0,17.0,3.0,10.0,7.0,3.0,2.0
774,22.0,19.0,9.0,41.0,12.0,4.0,19.0,2.0,8.0,1.0
775,24.0,29.0,16.0,51.0,33.0,7.0,25.0,7.0,12.0,8.0
776,171.0,228.0,127.0,370.0,194.0,47.0,138.0,61.0,43.0,27.0
777,20.0,13.0,6.0,60.0,29.0,4.0,27.0,11.0,7.0,4.0
778,26.0,28.0,14.0,29.0,14.0,5.0,13.0,4.0,4.0,7.0
779,10.0,15.0,8.0,34.0,20.0,8.0,12.0,9.0,4.0,2.0
780,10.0,15.0,8.0,34.0,20.0,8.0,12.0,9.0,4.0,2.0
781,10.0,15.0,8.0,34.0,20.0,8.0,12.0,9.0,4.0,2.0
782,10.0,15.0,8.0,34.0,20.0,8.0,12.0,9.0,4.0,2.0
783,24.0,36.0,18.0,49.0,15.0,4.0,17.0,14.0,8.0,8.0
784,9.0,17.0,4.0,14.0,11.0,6.0,10.0,2.0,2.0,1.0
785,23.0,26.0,13.0,30.0,28.0,6.0,10.0,5.0,4.0,7.0
786,44.0,65.0,28.0,57.0,35.0,13.0,25.0,18.0,9.0,13.0
787,5.0,18.0,9.0,28.0,19.0,5.0,21.0,2.0,5.0,1.0
788,8.0,10.0,4.0,22.0,11.0,1.0,6.0,2.0,2.0,
789,16.0,22.0,8.0,52.0,31.0,4.0,12.0,9.0,2.0,1.0
790,17.0,25.0,9.0,33.0,18.0,5.0,22.0,7.0,6.0,5.0
791,59.0,87.0,39.0,175.0,104.0,22.0,68.0,31.0,30.0,22.0
792,18.0,27.0,11.0,33.0,15.0,5.0,10.0,6.0,8.0,5.0
793,21.0,24.0,14.0,15.0,13.0,10.0,16.0,3.0,7.0,8.0
794,21.0,24.0,14.0,15.0,13.0,10.0,16.0,3.0,7.0,8.0
795,23.0,30.0,16.0,24.0,15.0,12.0,18.0,3.0,11.0,7.0
796,21.0,24.0,14.0,15.0,13.0,10.0,16.0,3.0,7.0,8.0
797,23.0,30.0,16.0,24.0,15.0,12.0,18.0,3.0,11.0,7.0
798,23.0,28.0,15.0,28.0,17.0,5.0,11.0,4.0,7.0,5.0
799,39.0,52.0,29.0,38.0,23.0,14.0,24.0,7.0,17.0,13.0
800,7.0,8.0,6.0,14.0,19.0,2.0,7.0,6.0,3.0,2.0
801,15.0,24.0,12.0,56.0,25.0,13.0,25.0,24.0,3.0,3.0
802,8.0,11.0,3.0,20.0,12.0,1.0,9.0,6.0,3.0,1.0
803,8.0,11.0,3.0,21.0,12.0,1.0,8.0,6.0,3.0,1.0
804,12.0,14.0,7.0,18.0,15.0,2.0,11.0,5.0,3.0,4.0
805,12.0,14.0,7.0,18.0,15.0,2.0,11.0,5.0,3.0,4.0
806,13.0,13.0,11.0,18.0,14.0,6.0,14.0,3.0,1.0,1.0
807,20.0,22.0,7.0,41.0,28.0,5.0,23.0,10.0,4.0,2.0
808,20.0,22.0,7.0,41.0,28.0,5.0,23.0,10.0,4.0,2.0
809,20.0,22.0,7.0,41.0,28.0,5.0,23.0,10.0,4.0,2.0
810,6.0,10.0,2.0,14.0,17.0,1.0,8.0,2.0,,
811,7.0,9.0,5.0,13.0,14.0,2.0,11.0,2.0,4.0,3.0
812,7.0,9.0,5.0,13.0,14.0,2.0,11.0,2.0,4.0,3.0
813,4.0,6.0,7.0,5.0,2.0,2.0,3.0,,2.0,4.0
814,4.0,6.0,7.0,5.0,2.0,2.0,3.0,,2.0,4.0
815,4.0,6.0,7.0,5.0,2.0,2.0,3.0,,2.0,4.0
816,33.0,38.0,25.0,32.0,34.0,8.0,29.0,9.0,7.0,3.0
817,4.0,6.0,7.0,5.0,2.0,2.0,3.0,,2.0,4.0
818,7.0,9.0,5.0,13.0,14.0,2.0,11.0,2.0,4.0,3.0
819,5.0,10.0,4.0,24.0,12.0,4.0,11.0,5.0,2.0,1.0
820,31.0,26.0,24.0,33.0,33.0,6.0,17.0,4.0,6.0,1.0
821,17.0,24.0,14.0,23.0,7.0,3.0,11.0,4.0,4.0,6.0
822,11.0,9.0,7.0,20.0,20.0,4.0,11.0,5.0,2.0,3.0
823,15.0,22.0,14.0,36.0,20.0,3.0,15.0,5.0,4.0,4.0
824,18.0,25.0,16.0,39.0,21.0,3.0,17.0,4.0,5.0,6.0
825,10.0,17.0,10.0,28.0,12.0,,9.0,2.0,4.0,2.0
826,16.0,24.0,13.0,45.0,26.0,5.0,21.0,9.0,14.0,4.0
827,14.0,21.0,11.0,39.0,22.0,5.0,17.0,8.0,12.0,4.0
828,29.0,68.0,21.0,73.0,41.0,16.0,42.0,27.0,24.0,11.0
829,17.0,19.0,10.0,39.0,10.0,4.0,21.0,8.0,2.0,3.0
830,16.0,14.0,8.0,31.0,19.0,5.0,19.0,2.0,3.0,
831,16.0,14.0,8.0,31.0,19.0,5.0,19.0,2.0,3.0,
832,17.0,21.0,18.0,15.0,13.0,7.0,14.0,3.0,2.0,3.0
833,17.0,21.0,18.0,15.0,13.0,7.0,14.0,3.0,2.0,3.0
834,17.0,21.0,18.0,15.0,13.0,7.0,14.0,3.0,2.0,3.0
835,17.0,21.0,18.0,15.0,13.0,7.0,14.0,3.0,2.0,3.0
836,17.0,21.0,18.0,15.0,13.0,7.0,14.0,3.0,2.0,3.0
837,17.0,21.0,18.0,15.0,13.0,7.0,14.0,3.0,2.0,3.0
838,17.0,21.0,18.0,15.0,13.0,7.0,14.0,3.0,2.0,3.0
839,17.0,21.0,18.0,15.0,13.0,7.0,14.0,3.0,2.0,3.0
840,17.0,21.0,18.0,15.0,13.0,7.0,14.0,3.0,2.0,3.0
841,13.0,20.0,8.0,10.0,11.0,4.0,13.0,1.0,6.0,1.0
842,2.0,4.0,1.0,11.0,9.0,1.0,14.0,3.0,1.0,1.0
843,2.0,4.0,1.0,11.0,9.0,1.0,14.0,3.0,1.0,1.0
844,2.0,4.0,1.0,11.0,9.0,1.0,14.0,3.0,1.0,1.0
845,2.0,4.0,1.0,11.0,9.0,1.0,14.0,3.0,1.0,1.0
846,17.0,45.0,16.0,53.0,28.0,10.0,28.0,12.0,25.0,3.0
847,19.0,27.0,18.0,41.0,21.0,2.0,11.0,3.0,6.0,1.0
848,12.0,14.0,4.0,35.0,25.0,5.0,25.0,10.0,3.0,
849,22.0,32.0,21.0,77.0,33.0,10.0,34.0,8.0,7.0,6.0
850,21.0,28.0,19.0,74.0,31.0,10.0,32.0,8.0,7.0,6.0
851,13.0,15.0,6.0,36.0,24.0,6.0,21.0,1.0,7.0,1.0
852,10.0,16.0,14.0,24.0,11.0,2.0,11.0,2.0,2.0,5.0
853,10.0,16.0,14.0,24.0,11.0,2.0,11.0,2.0,2.0,5.0
854,9.0,15.0,6.0,28.0,19.0,3.0,16.0,5.0,2.0,1.0
855,9.0,15.0,6.0,28.0,19.0,3.0,16.0,5.0,2.0,1.0
856,9.0,15.0,6.0,28.0,19.0,3.0,16.0,5.0,2.0,1.0
857,31.0,49.0,29.0,82.0,42.0,9.0,36.0,20.0,19.0,6.0
858,6.0,6.0,2.0,29.0,21.0,1.0,11.0,5.0,2.0,1.0
859,21.0,24.0,15.0,23.0,10.0,10.0,20.0,3.0,11.0,4.0
860,3.0,4.0,,16.0,9.0,1.0,6.0,1.0,,
861,61.0,81.0,33.0,68.0,52.0,14.0,32.0,14.0,17.0,10.0
862,6.0,6.0,2.0,14.0,11.0,2.0,5.0,1.0,1.0,2.0
863,3.0,4.0,,16.0,9.0,1.0,6.0,1.0,,
864,27.0,43.0,24.0,38.0,24.0,6.0,15.0,9.0,17.0,17.0
865,27.0,43.0,24.0,38.0,24.0,6.0,15.0,9.0,17.0,17.0
866,22.0,38.0,20.0,38.0,24.0,6.0,15.0,9.0,14.0,14.0
867,4.0,7.0,3.0,15.0,6.0,4.0,9.0,3.0,2.0,2.0
868,2.0,7.0,2.0,13.0,10.0,1.0,4.0,2.0,,1.0
869,23.0,28.0,15.0,42.0,19.0,10.0,21.0,6.0,6.0,7.0
870,21.0,13.0,6.0,56.0,29.0,4.0,25.0,11.0,7.0,4.0
871,9.0,12.0,4.0,24.0,11.0,10.0,17.0,10.0,1.0,2.0
872,16.0,21.0,7.0,32.0,19.0,11.0,18.0,9.0,7.0,3.0
873,40.0,59.0,30.0,64.0,31.0,8.0,35.0,11.0,19.0,15.0
874,42.0,60.0,31.0,67.0,32.0,9.0,34.0,12.0,19.0,15.0
875,18.0,27.0,8.0,35.0,24.0,4.0,17.0,8.0,5.0,
876,10.0,9.0,6.0,37.0,19.0,14.0,18.0,16.0,2.0,
877,16.0,26.0,7.0,28.0,11.0,5.0,11.0,4.0,5.0,4.0
878,25.0,55.0,26.0,47.0,31.0,9.0,17.0,13.0,15.0,17.0
879,14.0,22.0,6.0,18.0,14.0,3.0,7.0,3.0,4.0,4.0
880,14.0,22.0,6.0,21.0,14.0,3.0,8.0,3.0,3.0,4.0
881,4.0,6.0,3.0,12.0,8.0,1.0,6.0,3.0,,1.0
882,4.0,6.0,3.0,12.0,8.0,1.0,6.0,3.0,,1.0
883,4.0,6.0,3.0,12.0,8.0,1.0,6.0,3.0,,1.0
884,4.0,6.0,3.0,12.0,8.0,1.0,6.0,3.0,,1.0
885,4.0,6.0,3.0,12.0,8.0,1.0,6.0,3.0,,1.0
886,4.0,6.0,3.0,12.0,8.0,1.0,6.0,3.0,,1.0
887,4.0,6.0,3.0,12.0,8.0,1.0,6.0,3.0,,1.0
888,4.0,6.0,3.0,12.0,8.0,1.0,6.0,3.0,,1.0
889,4.0,6.0,3.0,12.0,8.0,1.0,6.0,3.0,,1.0
890,15.0,25.0,13.0,22.0,14.0,5.0,11.0,5.0,6.0,4.0
891,67.0,96.0,50.0,55.0,31.0,19.0,40.0,12.0,24.0,18.0
892,2.0,3.0,1.0,13.0,7.0,2.0,10.0,3.0,3.0,
893,34.0,42.0,22.0,38.0,20.0,6.0,18.0,8.0,19.0,19.0
894,51.0,53.0,25.0,78.0,49.0,10.0,29.0,15.0,10.0,4.0
895,41.0,65.0,35.0,55.0,33.0,15.0,32.0,15.0,26.0,23.0
896,41.0,65.0,35.0,55.0,33.0,15.0,32.0,15.0,26.0,23.0
897,21.0,30.0,16.0,42.0,35.0,7.0,16.0,5.0,5.0,3.0
898,38.0,43.0,16.0,56.0,47.0,8.0,22.0,15.0,14.0,10.0
899,33.0,46.0,28.0,47.0,29.0,12.0,29.0,10.0,17.0,16.0
900,18.0,27.0,15.0,37.0,24.0,10.0,27.0,4.0,7.0,4.0
901,8.0,12.0,6.0,42.0,14.0,7.0,10.0,8.0,2.0,1.0
902,10.0,13.0,8.0,49.0,24.0,2.0,15.0,6.0,2.0,2.0
903,10.0,13.0,8.0,49.0,24.0,2.0,15.0,6.0,2.0,2.0
904,7.0,11.0,10.0,15.0,11.0,6.0,10.0,5.0,1.0,
905,26.0,30.0,18.0,26.0,20.0,4.0,12.0,9.0,13.0,7.0
906,9.0,15.0,10.0,19.0,17.0,7.0,13.0,8.0,9.0,6.0
907,9.0,9.0,6.0,18.0,9.0,3.0,10.0,4.0,2.0,2.0
908,9.0,9.0,6.0,18.0,9.0,3.0,10.0,4.0,2.0,2.0
909,9.0,11.0,5.0,15.0,9.0,4.0,7.0,1.0,1.0,
910,11.0,8.0,8.0,11.0,6.0,1.0,7.0,,3.0,
911,6.0,11.0,7.0,25.0,20.0,,11.0,6.0,3.0,
912,8.0,11.0,7.0,12.0,10.0,,4.0,,1.0,2.0
913,4.0,20.0,3.0,36.0,19.0,7.0,25.0,7.0,7.0,3.0
914,29.0,23.0,24.0,29.0,28.0,7.0,15.0,4.0,5.0,1.0
915,29.0,23.0,24.0,29.0,28.0,7.0,15.0,4.0,5.0,1.0
916,29.0,23.0,24.0,29.0,28.0,7.0,15.0,4.0,5.0,1.0
917,2.0,5.0,2.0,17.0,15.0,7.0,8.0,6.0,4.0,3.0
918,11.0,17.0,9.0,35.0,24.0,1.0,20.0,8.0,5.0,4.0
919,11.0,17.0,9.0,35.0,24.0,1.0,20.0,8.0,5.0,4.0
920,20.0,40.0,21.0,36.0,29.0,12.0,25.0,15.0,15.0,14.0
921,12.0,23.0,5.0,46.0,24.0,4.0,11.0,5.0,5.0,3.0
922,5.0,6.0,5.0,13.0,5.0,1.0,6.0,2.0,2.0,
923,5.0,6.0,5.0,13.0,5.0,1.0,6.0,2.0,2.0,
924,1.0,4.0,1.0,13.0,7.0,2.0,5.0,4.0,5.0,1.0
925,17.0,16.0,10.0,46.0,30.0,5.0,12.0,4.0,10.0,4.0
926,22.0,33.0,13.0,40.0,21.0,6.0,23.0,10.0,6.0,7.0
927,46.0,69.0,26.0,47.0,32.0,8.0,17.0,9.0,24.0,17.0
928,12.0,15.0,6.0,34.0,9.0,4.0,16.0,9.0,5.0,1.0
929,5.0,9.0,2.0,15.0,9.0,2.0,10.0,4.0,3.0,
930,5.0,9.0,2.0,15.0,9.0,2.0,10.0,4.0,3.0,
931,12.0,14.0,4.0,28.0,19.0,1.0,13.0,3.0,1.0,1.0
932,12.0,14.0,4.0,28.0,19.0,1.0,13.0,3.0,1.0,1.0
933,1.0,1.0,,3.0,2.0,,1.0,,,
934,19.0,42.0,10.0,49.0,26.0,6.0,18.0,8.0,14.0,9.0
935,32.0,34.0,13.0,57.0,36.0,13.0,31.0,18.0,15.0,7.0
936,11.0,16.0,4.0,48.0,21.0,6.0,23.0,7.0,3.0,1.0
937,6.0,1.0,6.0,10.0,14.0,1.0,1.0,1.0,1.0,
938,6.0,1.0,6.0,10.0,14.0,1.0,1.0,1.0,1.0,
939,20.0,25.0,10.0,30.0,18.0,1.0,23.0,12.0,5.0,4.0
940,32.0,40.0,28.0,56.0,32.0,16.0,26.0,11.0,16.0,10.0
941,5.0,6.0,4.0,17.0,7.0,3.0,6.0,2.0,3.0,
942,6.0,8.0,4.0,17.0,7.0,3.0,6.0,2.0,4.0,1.0
943,10.0,12.0,6.0,26.0,13.0,5.0,11.0,5.0,1.0,3.0
944,3.0,6.0,1.0,4.0,5.0,,4.0,,1.0,
945,35.0,61.0,24.0,86.0,40.0,9.0,36.0,14.0,24.0,14.0
946,35.0,61.0,24.0,86.0,40.0,9.0,36.0,14.0,24.0,14.0
947,49.0,89.0,45.0,79.0,36.0,31.0,47.0,12.0,25.0,21.0
948,5.0,12.0,3.0,25.0,7.0,8.0,10.0,6.0,3.0,3.0
949,5.0,12.0,3.0,25.0,7.0,8.0,10.0,6.0,3.0,3.0
950,4.0,5.0,2.0,5.0,6.0,1.0,2.0,4.0,1.0,4.0
951,14.0,22.0,8.0,36.0,15.0,2.0,20.0,6.0,6.0,
952,14.0,21.0,8.0,35.0,15.0,2.0,20.0,6.0,5.0,
953,14.0,22.0,8.0,36.0,15.0,2.0,20.0,6.0,6.0,
954,10.0,14.0,4.0,20.0,12.0,2.0,14.0,4.0,5.0,3.0
955,13.0,17.0,13.0,26.0,17.0,5.0,15.0,5.0,7.0,5.0
956,13.0,18.0,13.0,29.0,17.0,5.0,16.0,5.0,7.0,5.0
957,2.0,2.0,2.0,7.0,3.0,,2.0,1.0,1.0,1.0
958,2.0,9.0,1.0,26.0,10.0,,7.0,1.0,,
959,19.0,29.0,14.0,26.0,18.0,4.0,14.0,10.0,8.0,6.0
960,19.0,29.0,14.0,26.0,18.0,4.0,14.0,10.0,8.0,6.0
961,17.0,39.0,12.0,56.0,38.0,15.0,18.0,19.0,13.0,10.0
962,17.0,39.0,12.0,56.0,38.0,15.0,18.0,19.0,13.0,10.0
963,17.0,39.0,12.0,56.0,38.0,15.0,18.0,19.0,13.0,10.0
964,29.0,43.0,13.0,54.0,41.0,7.0,18.0,13.0,21.0,6.0
965,29.0,43.0,13.0,54.0,41.0,7.0,18.0,13.0,21.0,6.0
966,9.0,12.0,7.0,7.0,8.0,1.0,9.0,,3.0,1.0
967,21.0,35.0,15.0,63.0,44.0,12.0,27.0,24.0,17.0,12.0
968,21.0,35.0,15.0,63.0,44.0,12.0,27.0,24.0,17.0,12.0
969,21.0,35.0,15.0,63.0,44.0,12.0,27.0,24.0,17.0,12.0
970,3.0,5.0,,24.0,12.0,,3.0,4.0,2.0,
971,10.0,14.0,9.0,23.0,15.0,2.0,10.0,3.0,3.0,2.0
972,10.0,14.0,9.0,23.0,15.0,2.0,10.0,3.0,3.0,2.0
973,35.0,36.0,29.0,40.0,23.0,8.0,23.0,10.0,17.0,18.0
974,9.0,11.0,6.0,52.0,15.0,7.0,18.0,4.0,4.0,2.0
975,9.0,11.0,6.0,52.0,15.0,7.0,18.0,4.0,4.0,2.0
976,9.0,11.0,6.0,52.0,15.0,7.0,18.0,4.0,4.0,2.0
977,9.0,11.0,6.0,52.0,15.0,7.0,18.0,4.0,4.0,2.0
978,28.0,35.0,12.0,54.0,32.0,5.0,22.0,7.0,12.0,8.0
979,28.0,35.0,12.0,54.0,32.0,5.0,22.0,7.0,12.0,8.0
980,23.0,41.0,15.0,75.0,30.0,13.0,27.0,13.0,15.0,10.0
981,23.0,29.0,20.0,43.0,28.0,6.0,27.0,8.0,10.0,11.0
982,15.0,23.0,13.0,28.0,25.0,6.0,17.0,8.0,10.0,3.0
983,23.0,30.0,20.0,43.0,28.0,6.0,28.0,8.0,10.0,11.0
984,23.0,29.0,20.0,43.0,28.0,6.0,27.0,8.0,10.0,11.0
985,2.0,2.0,1.0,4.0,2.0,1.0,3.0,1.0,,1.0
986,7.0,12.0,7.0,25.0,13.0,6.0,16.0,7.0,3.0,1.0
987,24.0,33.0,13.0,28.0,15.0,7.0,14.0,9.0,8.0,8.0
988,29.0,35.0,19.0,56.0,34.0,7.0,29.0,7.0,15.0,8.0
989,25.0,26.0,11.0,43.0,23.0,4.0,26.0,4.0,9.0,4.0
990,1.0,2.0,1.0,4.0,2.0,1.0,4.0,1.0,,
991,23.0,27.0,10.0,42.0,22.0,2.0,13.0,7.0,11.0,3.0
992,23.0,27.0,10.0,40.0,20.0,2.0,12.0,6.0,11.0,3.0
993,10.0,18.0,9.0,35.0,17.0,5.0,7.0,3.0,4.0,4.0
994,7.0,7.0,,32.0,12.0,2.0,10.0,5.0,,
995,18.0,16.0,9.0,29.0,17.0,8.0,18.0,7.0,1.0,4.0
996,30.0,44.0,17.0,53.0,38.0,9.0,19.0,22.0,13.0,10.0
997,2.0,16.0,8.0,16.0,10.0,1.0,9.0,4.0,,
998,2.0,16.0,8.0,16.0,10.0,1.0,9.0,4.0,,
999,4.0,5.0,3.0,8.0,5.0,2.0,4.0,1.0,3.0,
1000,8.0,10.0,4.0,11.0,7.0,3.0,7.0,1.0,2.0,1.0
1001,2.0,9.0,1.0,12.0,7.0,3.0,7.0,2.0,3.0,
1002,2.0,9.0,1.0,12.0,7.0,3.0,7.0,2.0,3.0,
1003,10.0,19.0,11.0,46.0,20.0,12.0,20.0,20.0,3.0,3.0
1004,10.0,19.0,11.0,46.0,20.0,12.0,20.0,20.0,3.0,3.0
1005,15.0,27.0,14.0,43.0,22.0,6.0,13.0,5.0,13.0,7.0
1006,7.0,9.0,4.0,13.0,8.0,2.0,4.0,5.0,3.0,2.0
1007,7.0,9.0,4.0,13.0,8.0,2.0,4.0,5.0,3.0,2.0
1008,6.0,13.0,8.0,27.0,17.0,,5.0,3.0,8.0,2.0
1009,11.0,12.0,9.0,26.0,11.0,2.0,15.0,5.0,5.0,7.0
1010,11.0,12.0,9.0,26.0,11.0,2.0,15.0,5.0,5.0,7.0
1011,6.0,15.0,4.0,16.0,22.0,1.0,13.0,4.0,1.0,1.0
1012,6.0,15.0,4.0,16.0,22.0,1.0,13.0,4.0,1.0,1.0
1013,6.0,15.0,4.0,16.0,22.0,1.0,13.0,4.0,1.0,1.0
1014,9.0,19.0,6.0,16.0,22.0,2.0,13.0,4.0,1.0,1.0
1015,5.0,6.0,3.0,15.0,8.0,1.0,3.0,2.0,1.0,
1016,5.0,6.0,3.0,15.0,8.0,1.0,3.0,2.0,1.0,
1017,17.0,27.0,10.0,32.0,12.0,17.0,18.0,14.0,5.0,4.0
1018,16.0,30.0,16.0,39.0,26.0,4.0,29.0,6.0,10.0,5.0
1019,6.0,11.0,7.0,25.0,20.0,,11.0,6.0,3.0,
1020,8.0,15.0,7.0,6.0,15.0,1.0,6.0,1.0,3.0,1.0
1021,1.0,3.0,2.0,4.0,3.0,,,1.0,,
1022,5.0,9.0,1.0,29.0,14.0,1.0,14.0,7.0,4.0,
1023,3.0,4.0,2.0,4.0,6.0,1.0,3.0,3.0,3.0,2.0
1024,2.0,5.0,1.0,14.0,6.0,2.0,5.0,4.0,5.0,1.0
1025,2.0,5.0,1.0,14.0,6.0,2.0,5.0,4.0,5.0,1.0
1026,2.0,5.0,1.0,14.0,6.0,2.0,5.0,4.0,5.0,1.0
1027,3.0,5.0,1.0,12.0,4.0,,4.0,,1.0,
1028,3.0,5.0,1.0,12.0,4.0,,4.0,,1.0,
1029,5.0,5.0,2.0,38.0,16.0,2.0,12.0,3.0,1.0,
1030,7.0,7.0,2.0,38.0,16.0,2.0,12.0,3.0,1.0,
1031,2.0,11.0,3.0,9.0,10.0,1.0,7.0,,1.0,2.0
1032,3.0,12.0,4.0,13.0,12.0,1.0,9.0,,1.0,2.0
1033,12.0,18.0,4.0,15.0,12.0,,3.0,3.0,2.0,2.0
1034,6.0,6.0,3.0,17.0,13.0,3.0,8.0,10.0,2.0,2.0
1035,7.0,14.0,4.0,37.0,13.0,5.0,14.0,11.0,5.0,2.0
1036,7.0,14.0,4.0,37.0,13.0,5.0,14.0,11.0,5.0,2.0
1037,3.0,12.0,4.0,51.0,28.0,6.0,22.0,11.0,5.0,1.0
1038,4.0,7.0,2.0,4.0,6.0,,1.0,,,
1039,20.0,27.0,15.0,34.0,23.0,5.0,11.0,10.0,13.0,8.0
1040,1.0,1.0,,2.0,1.0,,,1.0,,
1041,1.0,1.0,,2.0,1.0,,,1.0,,
1042,1.0,1.0,,2.0,1.0,,,1.0,,
1043,11.0,11.0,2.0,40.0,14.0,5.0,17.0,4.0,3.0,1.0
1044,7.0,11.0,3.0,24.0,11.0,2.0,12.0,1.0,4.0,2.0
1045,11.0,14.0,9.0,28.0,13.0,5.0,11.0,4.0,3.0,6.0
1046,8.0,11.0,8.0,14.0,10.0,3.0,9.0,2.0,3.0,5.0
1047,8.0,11.0,8.0,14.0,10.0,3.0,9.0,2.0,3.0,5.0
1048,8.0,14.0,8.0,18.0,16.0,4.0,8.0,4.0,3.0,2.0
1049,3.0,5.0,,14.0,7.0,4.0,11.0,4.0,1.0,
1050,5.0,3.0,1.0,20.0,9.0,6.0,15.0,5.0,2.0,
1051,5.0,3.0,1.0,20.0,9.0,6.0,15.0,5.0,2.0,
1052,18.0,27.0,13.0,33.0,22.0,9.0,26.0,13.0,12.0,6.0
1053,16.0,23.0,13.0,43.0,14.0,4.0,20.0,5.0,7.0,5.0
1054,18.0,27.0,13.0,34.0,22.0,9.0,26.0,13.0,12.0,6.0
1055,38.0,22.0,5.0,61.0,35.0,14.0,38.0,24.0,5.0,
1056,21.0,39.0,18.0,44.0,34.0,8.0,26.0,7.0,14.0,9.0
1057,20.0,32.0,17.0,30.0,27.0,6.0,22.0,6.0,14.0,11.0
1058,8.0,11.0,5.0,18.0,9.0,5.0,6.0,3.0,4.0,4.0
1059,38.0,22.0,5.0,61.0,35.0,14.0,39.0,24.0,5.0,
1060,1.0,5.0,1.0,22.0,13.0,,6.0,1.0,3.0,1.0
1061,2.0,6.0,2.0,24.0,16.0,,9.0,1.0,6.0,2.0
1062,2.0,6.0,2.0,24.0,16.0,,9.0,1.0,6.0,2.0
1063,2.0,6.0,2.0,24.0,16.0,,9.0,1.0,6.0,2.0
1064,2.0,6.0,2.0,24.0,16.0,,9.0,1.0,6.0,2.0
1065,8.0,8.0,3.0,10.0,6.0,2.0,5.0,2.0,2.0,3.0
1066,8.0,8.0,3.0,10.0,6.0,2.0,4.0,2.0,1.0,3.0
1067,,1.0,2.0,16.0,4.0,3.0,6.0,4.0,2.0,
1068,15.0,20.0,10.0,18.0,15.0,1.0,13.0,2.0,3.0,2.0
1069,18.0,27.0,11.0,23.0,18.0,2.0,16.0,2.0,6.0,2.0
1070,15.0,31.0,12.0,47.0,36.0,7.0,19.0,11.0,14.0,3.0
1071,5.0,13.0,6.0,29.0,9.0,7.0,16.0,7.0,7.0,4.0
1072,3.0,5.0,2.0,10.0,5.0,3.0,3.0,1.0,4.0,2.0
1073,4.0,12.0,6.0,32.0,9.0,7.0,18.0,8.0,7.0,4.0
1074,6.0,6.0,3.0,11.0,5.0,2.0,4.0,,9.0,2.0
1075,8.0,11.0,8.0,17.0,10.0,3.0,10.0,4.0,4.0,2.0
1076,8.0,11.0,8.0,17.0,10.0,3.0,10.0,4.0,4.0,2.0
1077,3.0,6.0,3.0,14.0,5.0,3.0,6.0,2.0,2.0,
1078,12.0,21.0,12.0,23.0,20.0,5.0,13.0,6.0,9.0,2.0
1079,12.0,21.0,12.0,23.0,20.0,5.0,13.0,6.0,9.0,2.0
1080,8.0,12.0,2.0,37.0,21.0,6.0,13.0,11.0,5.0,1.0
1081,18.0,21.0,2.0,44.0,26.0,5.0,17.0,8.0,15.0,3.0
1082,18.0,21.0,2.0,44.0,26.0,5.0,17.0,8.0,15.0,3.0
1083,42.0,79.0,36.0,103.0,54.0,12.0,47.0,14.0,32.0,17.0
1084,9.0,10.0,4.0,4.0,,4.0,6.0,,4.0,2.0
1085,3.0,3.0,,14.0,6.0,,4.0,1.0,2.0,
1086,5.0,7.0,1.0,39.0,15.0,,8.0,7.0,5.0,
1087,5.0,7.0,1.0,35.0,13.0,,7.0,7.0,5.0,
1088,5.0,3.0,1.0,10.0,7.0,2.0,3.0,2.0,,
1089,9.0,5.0,2.0,16.0,7.0,3.0,4.0,2.0,,
1090,11.0,9.0,3.0,23.0,11.0,6.0,10.0,3.0,,
1091,2.0,,,13.0,5.0,3.0,7.0,7.0,1.0,
1092,2.0,,,13.0,5.0,3.0,7.0,7.0,1.0,
1093,10.0,10.0,8.0,18.0,8.0,3.0,13.0,4.0,2.0,
1094,10.0,13.0,2.0,37.0,16.0,11.0,11.0,15.0,2.0,
1095,10.0,13.0,2.0,37.0,16.0,11.0,11.0,15.0,2.0,
1096,10.0,13.0,2.0,37.0,16.0,11.0,11.0,15.0,2.0,
1097,22.0,20.0,2.0,21.0,18.0,3.0,11.0,9.0,6.0,1.0
1098,21.0,51.0,29.0,29.0,32.0,6.0,17.0,3.0,16.0,11.0
1099,21.0,51.0,29.0,29.0,32.0,6.0,17.0,3.0,16.0,11.0
1100,11.0,20.0,9.0,38.0,20.0,5.0,21.0,6.0,4.0,2.0
1101,13.0,21.0,10.0,49.0,33.0,6.0,25.0,10.0,5.0,2.0
1102,17.0,18.0,7.0,40.0,23.0,5.0,23.0,8.0,6.0,3.0
1103,4.0,9.0,7.0,13.0,4.0,1.0,7.0,1.0,2.0,
1104,5.0,10.0,8.0,13.0,4.0,1.0,7.0,1.0,2.0,
1105,18.0,22.0,17.0,41.0,27.0,6.0,19.0,5.0,6.0,1.0
1106,44.0,77.0,40.0,95.0,55.0,17.0,39.0,23.0,29.0,18.0
1107,28.0,14.0,12.0,31.0,21.0,4.0,19.0,3.0,5.0,1.0
1108,28.0,14.0,12.0,31.0,21.0,4.0,19.0,3.0,5.0,1.0
1109,33.0,50.0,23.0,77.0,45.0,11.0,31.0,17.0,15.0,5.0
1110,14.0,19.0,4.0,12.0,11.0,2.0,5.0,2.0,12.0,1.0
1111,9.0,9.0,6.0,17.0,12.0,,9.0,1.0,,
1112,14.0,14.0,7.0,25.0,13.0,2.0,7.0,3.0,2.0,2.0
1113,21.0,25.0,19.0,39.0,16.0,3.0,14.0,7.0,10.0,9.0
1114,14.0,16.0,8.0,19.0,6.0,9.0,12.0,4.0,5.0,4.0
1115,7.0,15.0,6.0,20.0,11.0,1.0,10.0,2.0,7.0,2.0
1116,20.0,27.0,15.0,20.0,15.0,7.0,15.0,4.0,10.0,7.0
1117,11.0,18.0,8.0,37.0,21.0,4.0,9.0,7.0,7.0,4.0
1118,45.0,69.0,25.0,47.0,31.0,7.0,17.0,6.0,22.0,16.0
1119,13.0,15.0,10.0,40.0,16.0,5.0,11.0,3.0,,1.0
1120,21.0,31.0,11.0,45.0,29.0,2.0,23.0,5.0,11.0,4.0
1121,13.0,6.0,11.0,18.0,21.0,3.0,7.0,3.0,1.0,
1122,7.0,9.0,7.0,10.0,10.0,6.0,7.0,,2.0,
1123,7.0,9.0,7.0,10.0,10.0,6.0,7.0,,2.0,
1124,25.0,26.0,14.0,45.0,24.0,3.0,28.0,6.0,9.0,3.0
1125,24.0,28.0,14.0,43.0,19.0,2.0,27.0,5.0,10.0,4.0
1126,10.0,19.0,5.0,23.0,12.0,4.0,10.0,4.0,6.0,2.0
1127,10.0,15.0,8.0,14.0,13.0,2.0,8.0,1.0,4.0,2.0
1128,11.0,14.0,3.0,14.0,14.0,3.0,9.0,2.0,6.0,
1129,12.0,22.0,10.0,38.0,22.0,4.0,19.0,5.0,7.0,4.0
1130,13.0,27.0,11.0,43.0,24.0,4.0,20.0,5.0,10.0,5.0
1131,4.0,6.0,1.0,21.0,13.0,1.0,12.0,7.0,1.0,
1132,13.0,20.0,8.0,33.0,16.0,1.0,19.0,6.0,5.0,
1133,5.0,6.0,3.0,12.0,11.0,,10.0,2.0,2.0,1.0
1134,5.0,6.0,3.0,12.0,11.0,,10.0,2.0,2.0,1.0
1135,18.0,17.0,8.0,10.0,16.0,4.0,7.0,3.0,2.0,
1136,20.0,35.0,13.0,37.0,34.0,2.0,20.0,6.0,13.0,3.0
1137,36.0,17.0,3.0,85.0,52.0,6.0,38.0,18.0,1.0,1.0
1138,12.0,11.0,9.0,17.0,14.0,2.0,7.0,4.0,4.0,5.0
1139,27.0,30.0,14.0,38.0,27.0,7.0,22.0,10.0,10.0,3.0
1140,27.0,30.0,14.0,38.0,27.0,7.0,22.0,10.0,10.0,3.0
1141,7.0,9.0,4.0,23.0,12.0,3.0,11.0,3.0,1.0,
1142,29.0,31.0,25.0,62.0,33.0,8.0,29.0,9.0,6.0,4.0
1143,6.0,5.0,2.0,34.0,23.0,1.0,10.0,3.0,5.0,2.0
1144,19.0,28.0,17.0,50.0,15.0,7.0,26.0,14.0,8.0,9.0
1145,29.0,31.0,25.0,58.0,30.0,8.0,28.0,8.0,6.0,4.0
1146,10.0,18.0,12.0,25.0,12.0,2.0,19.0,5.0,6.0,3.0
1147,23.0,24.0,14.0,39.0,28.0,4.0,26.0,6.0,7.0,2.0
1148,23.0,24.0,14.0,39.0,28.0,4.0,26.0,6.0,7.0,2.0
1149,23.0,24.0,14.0,39.0,28.0,4.0,26.0,6.0,7.0,2.0
1150,23.0,24.0,14.0,39.0,28.0,4.0,26.0,6.0,7.0,2.0
1151,4.0,9.0,2.0,19.0,8.0,5.0,8.0,6.0,2.0,1.0
1152,4.0,9.0,2.0,19.0,8.0,5.0,8.0,6.0,2.0,1.0
1153,17.0,25.0,14.0,43.0,14.0,4.0,18.0,10.0,6.0,5.0
1154,6.0,9.0,4.0,37.0,15.0,5.0,17.0,11.0,1.0,3.0
1155,6.0,9.0,7.0,8.0,10.0,3.0,5.0,1.0,2.0,2.0
1156,20.0,15.0,13.0,19.0,15.0,2.0,12.0,2.0,3.0,3.0
1157,23.0,27.0,13.0,36.0,23.0,4.0,12.0,3.0,8.0,3.0
1158,23.0,27.0,13.0,36.0,23.0,4.0,12.0,3.0,8.0,3.0
1159,6.0,17.0,8.0,26.0,16.0,8.0,10.0,6.0,8.0,2.0
1160,6.0,17.0,8.0,26.0,16.0,8.0,10.0,6.0,8.0,2.0
1161,5.0,8.0,5.0,21.0,9.0,1.0,6.0,3.0,,
1162,11.0,16.0,3.0,36.0,15.0,3.0,17.0,9.0,9.0,3.0
1163,17.0,12.0,5.0,13.0,15.0,1.0,7.0,2.0,3.0,2.0
1164,7.0,5.0,6.0,9.0,5.0,1.0,6.0,2.0,,1.0
1165,7.0,5.0,6.0,9.0,5.0,1.0,6.0,2.0,,1.0
1166,18.0,25.0,12.0,16.0,13.0,4.0,9.0,4.0,5.0,4.0
1167,3.0,4.0,2.0,17.0,12.0,3.0,6.0,2.0,,
1168,32.0,40.0,23.0,43.0,19.0,6.0,17.0,9.0,12.0,12.0
1169,31.0,39.0,22.0,44.0,19.0,6.0,18.0,9.0,12.0,12.0
1170,31.0,39.0,22.0,44.0,19.0,6.0,18.0,9.0,12.0,12.0
1171,32.0,39.0,23.0,42.0,19.0,6.0,19.0,9.0,12.0,12.0
1172,61.0,84.0,48.0,93.0,53.0,21.0,44.0,26.0,31.0,18.0
1173,10.0,15.0,12.0,33.0,17.0,3.0,10.0,7.0,3.0,2.0
1174,22.0,19.0,9.0,41.0,12.0,4.0,19.0,2.0,8.0,1.0
1175,24.0,29.0,16.0,51.0,33.0,7.0,25.0,7.0,12.0,8.0
1176,171.0,228.0,127.0,370.0,194.0,47.0,138.0,61.0,43.0,27.0
1177,20.0,13.0,6.0,60.0,29.0,4.0,27.0,11.0,7.0,4.0
1178,26.0,28.0,14.0,29.0,14.0,5.0,13.0,4.0,4.0,7.0
1179,10.0,15.0,8.0,34.0,20.0,8.0,12.0,9.0,4.0,2.0
1180,10.0,15.0,8.0,34.0,20.0,8.0,12.0,9.0,4.0,2.0
1181,10.0,15.0,8.0,34.0,20.0,8.0,12.0,9.0,4.0,2.0
1182,10.0,15.0,8.0,34.0,20.0,8.0,12.0,9.0,4.0,2.0
1183,24.0,36.0,18.0,49.0,15.0,4.0,17.0,14.0,8.0,8.0
1184,9.0,17.0,4.0,14.0,11.0,6.0,10.0,2.0,2.0,1.0
1185,23.0,26.0,13.0,30.0,28.0,6.0,10.0,5.0,4.0,7.0
1186,44.0,65.0,28.0,57.0,35.0,13.0,25.0,18.0,9.0,13.0
1187,5.0,18.0,9.0,28.0,19.0,5.0,21.0,2.0,5.0,1.0
1188,8.0,10.0,4.0,22.0,11.0,1.0,6.0,2.0,2.0,
1189,16.0,22.0,8.0,52.0,31.0,4.0,12.0,9.0,2.0,1.0
1190,17.0,25.0,9.0,33.0,18.0,5.0,22.0,7.0,6.0,5.0
1191,59.0,87.0,39.0,175.0,104.0,22.0,68.0,31.0,30.0,22.0
1192,18.0,27.0,11.0,33.0,15.0,5.0,10.0,6.0,8.0,5.0
1193,21.0,24.0,14.0,15.0,13.0,10.0,16.0,3.0,7.0,8.0
1194,21.0,24.0,14.0,15.0,13.0,10.0,16.0,3.0,7.0,8.0
1195,23.0,30.0,16.0,24.0,15.0,12.0,18.0,3.0,11.0,7.0
1196,21.0,24.0,14.0,15.0,13.0,10.0,16.0,3.0,7.0,8.0
1197,23.0,30.0,16.0,24.0,15.0,12.0,18.0,3.0,11.0,7.0
1198,23.0,28.0,15.0,28.0,17.0,5.0,11.0,4.0,7.0,5.0
1199,39.0,52.0,29.0,38.0,23.0,14.0,24.0,7.0,17.0,13.0
1200,13.0,13.0,10.0,34.0,16.0,7.0,16.0,3.0,2.0,2.0
1201,18.0,17.0,11.0,21.0,16.0,7.0,15.0,6.0,5.0,3.0
1202,18.0,17.0,11.0,21.0,16.0,7.0,15.0,6.0,5.0,3.0
1203,9.0,12.0,6.0,28.0,11.0,1.0,12.0,5.0,1.0,1.0
1204,15.0,16.0,7.0,31.0,24.0,2.0,16.0,5.0,6.0,2.0
1205,29.0,37.0,18.0,25.0,18.0,11.0,18.0,5.0,11.0,9.0
1206,14.0,16.0,7.0,30.0,15.0,5.0,19.0,1.0,3.0,7.0
1207,2.0,9.0,3.0,24.0,7.0,5.0,5.0,4.0,3.0,1.0
1208,2.0,9.0,3.0,24.0,7.0,5.0,5.0,4.0,3.0,1.0
1209,38.0,47.0,27.0,28.0,32.0,16.0,29.0,3.0,11.0,4.0
1210,30.0,36.0,24.0,33.0,26.0,2.0,13.0,4.0,8.0,7.0
1211,30.0,36.0,24.0,33.0,26.0,2.0,13.0,4.0,8.0,7.0
1212,7.0,10.0,5.0,13.0,15.0,3.0,16.0,4.0,,
1213,7.0,10.0,3.0,14.0,8.0,1.0,4.0,4.0,1.0,
1214,9.0,15.0,8.0,26.0,24.0,4.0,16.0,4.0,8.0,5.0
1215,25.0,28.0,23.0,23.0,17.0,5.0,17.0,3.0,11.0,5.0
1216,21.0,24.0,15.0,44.0,25.0,6.0,18.0,6.0,7.0,1.0
1217,15.0,16.0,8.0,33.0,11.0,4.0,14.0,7.0,2.0,2.0
1218,24.0,29.0,15.0,65.0,40.0,8.0,26.0,12.0,8.0,5.0
1219,13.0,26.0,12.0,30.0,23.0,4.0,25.0,5.0,11.0,2.0
1220,18.0,22.0,10.0,50.0,23.0,5.0,16.0,7.0,7.0,3.0
1221,12.0,21.0,14.0,40.0,21.0,4.0,22.0,8.0,2.0,1.0
1222,17.0,21.0,9.0,54.0,27.0,5.0,17.0,9.0,6.0,3.0
1223,17.0,21.0,9.0,54.0,27.0,5.0,17.0,9.0,6.0,3.0
1224,17.0,21.0,9.0,54.0,27.0,5.0,17.0,9.0,6.0,3.0
1225,17.0,21.0,9.0,54.0,27.0,5.0,17.0,9.0,6.0,3.0
1226,6.0,10.0,2.0,24.0,11.0,2.0,10.0,1.0,3.0,1.0
1227,40.0,49.0,25.0,76.0,34.0,13.0,40.0,15.0,21.0,13.0
1228,40.0,49.0,25.0,76.0,34.0,13.0,40.0,15.0,21.0,13.0
1229,7.0,12.0,5.0,21.0,8.0,7.0,13.0,11.0,3.0,3.0
1230,7.0,12.0,5.0,21.0,8.0,7.0,13.0,11.0,3.0,3.0
1231,10.0,19.0,7.0,22.0,14.0,5.0,11.0,6.0,4.0,5.0
1232,10.0,19.0,7.0,22.0,14.0,5.0,11.0,6.0,4.0,5.0
1233,8.0,12.0,5.0,23.0,10.0,7.0,14.0,11.0,3.0,3.0
1234,13.0,17.0,11.0,24.0,14.0,4.0,9.0,3.0,7.0,9.0
1235,13.0,17.0,11.0,24.0,14.0,4.0,9.0,3.0,7.0,9.0
1236,19.0,22.0,11.0,35.0,21.0,3.0,14.0,4.0,10.0,5.0
1237,15.0,18.0,11.0,29.0,21.0,,9.0,1.0,8.0,5.0
1238,7.0,12.0,7.0,19.0,17.0,1.0,7.0,2.0,3.0,1.0
1239,17.0,18.0,11.0,32.0,18.0,1.0,11.0,3.0,8.0,5.0
1240,7.0,12.0,7.0,19.0,17.0,1.0,7.0,2.0,3.0,1.0
1241,18.0,27.0,16.0,56.0,33.0,5.0,31.0,8.0,11.0,8.0
1242,18.0,27.0,16.0,56.0,33.0,5.0,31.0,8.0,11.0,8.0
1243,31.0,20.0,11.0,56.0,35.0,2.0,18.0,8.0,7.0,4.0
1244,31.0,20.0,11.0,56.0,35.0,2.0,18.0,8.0,7.0,4.0
1245,15.0,22.0,17.0,55.0,24.0,7.0,18.0,15.0,2.0,5.0
1246,26.0,30.0,15.0,37.0,26.0,6.0,18.0,10.0,10.0,4.0
1247,24.0,32.0,15.0,48.0,30.0,8.0,33.0,8.0,10.0,7.0
1248,24.0,32.0,15.0,48.0,30.0,8.0,33.0,8.0,10.0,7.0
1249,24.0,32.0,15.0,48.0,30.0,8.0,33.0,8.0,10.0,7.0
1250,12.0,11.0,13.0,14.0,11.0,3.0,8.0,2.0,2.0,2.0
1251,24.0,32.0,15.0,48.0,30.0,8.0,33.0,8.0,10.0,7.0
1252,24.0,32.0,15.0,48.0,30.0,8.0,33.0,8.0,10.0,7.0
1253,24.0,32.0,15.0,48.0,30.0,8.0,33.0,8.0,10.0,7.0
1254,24.0,32.0,15.0,48.0,30.0,8.0,33.0,8.0,10.0,7.0
1255,18.0,19.0,11.0,44.0,31.0,12.0,23.0,12.0,6.0,3.0
1256,18.0,21.0,12.0,27.0,12.0,2.0,10.0,4.0,5.0,2.0
1257,16.0,16.0,12.0,29.0,18.0,2.0,19.0,2.0,5.0,1.0
1258,16.0,16.0,12.0,29.0,18.0,2.0,19.0,2.0,5.0,1.0
1259,16.0,16.0,12.0,29.0,18.0,2.0,19.0,2.0,5.0,1.0
1260,16.0,16.0,12.0,29.0,18.0,2.0,19.0,2.0,5.0,1.0
1261,12.0,19.0,10.0,37.0,28.0,,15.0,4.0,2.0,
1262,8.0,13.0,6.0,40.0,26.0,13.0,23.0,14.0,2.0,3.0
1263,48.0,51.0,33.0,113.0,69.0,15.0,55.0,17.0,20.0,14.0
1264,5.0,12.0,5.0,26.0,8.0,7.0,15.0,7.0,7.0,3.0
1265,23.0,30.0,12.0,41.0,26.0,7.0,18.0,8.0,12.0,5.0
1266,25.0,40.0,23.0,40.0,20.0,4.0,11.0,7.0,6.0,7.0
1267,41.0,76.0,34.0,100.0,51.0,12.0,45.0,14.0,32.0,17.0
1268,5.0,5.0,4.0,49.0,36.0,6.0,16.0,9.0,,
1269,13.0,15.0,8.0,47.0,28.0,6.0,17.0,8.0,1.0,1.0
1270,17.0,22.0,11.0,16.0,13.0,4.0,9.0,4.0,4.0,4.0
1271,8.0,18.0,7.0,27.0,20.0,2.0,11.0,,,1.0
1272,16.0,20.0,9.0,34.0,13.0,10.0,23.0,10.0,1.0,4.0
1273,17.0,21.0,8.0,14.0,7.0,5.0,7.0,,4.0,4.0
1274,229.0,283.0,137.0,249.0,154.0,59.0,174.0,43.0,184.0,66.0
1275,155.0,187.0,90.0,161.0,99.0,37.0,111.0,18.0,128.0,45.0
1276,26.0,38.0,18.0,26.0,15.0,9.0,20.0,3.0,4.0,4.0
1277,44.0,45.0,18.0,22.0,14.0,8.0,12.0,7.0,11.0,8.0
1278,28.0,32.0,10.0,50.0,29.0,7.0,16.0,9.0,4.0,7.0
1279,28.0,32.0,10.0,52.0,30.0,7.0,16.0,9.0,4.0,7.0
1280,68.0,102.0,47.0,77.0,43.0,9.0,52.0,14.0,23.0,24.0
1281,68.0,102.0,47.0,78.0,44.0,9.0,52.0,14.0,23.0,24.0
1282,6.0,8.0,7.0,20.0,11.0,4.0,8.0,3.0,2.0,3.0
1283,29.0,36.0,17.0,31.0,26.0,8.0,13.0,14.0,14.0,9.0
1284,33.0,42.0,23.0,36.0,34.0,11.0,16.0,17.0,18.0,10.0
1285,23.0,40.0,14.0,24.0,16.0,8.0,14.0,9.0,9.0,9.0
1286,23.0,24.0,15.0,24.0,22.0,9.0,13.0,4.0,5.0,6.0
1287,23.0,24.0,15.0,24.0,22.0,9.0,13.0,4.0,5.0,6.0
1288,23.0,24.0,15.0,24.0,22.0,9.0,13.0,4.0,5.0,6.0
1289,23.0,24.0,15.0,24.0,22.0,9.0,13.0,4.0,5.0,6.0
1290,12.0,14.0,8.0,7.0,4.0,4.0,7.0,1.0,6.0,4.0
1291,26.0,28.0,12.0,26.0,22.0,10.0,18.0,2.0,10.0,2.0
1292,24.0,26.0,11.0,24.0,20.0,9.0,15.0,2.0,9.0,1.0
1293,14.0,18.0,10.0,17.0,9.0,2.0,9.0,3.0,4.0,3.0
1294,44.0,50.0,20.0,62.0,53.0,8.0,27.0,17.0,17.0,11.0
1295,14.0,21.0,12.0,13.0,10.0,10.0,12.0,4.0,13.0,11.0
1296,14.0,21.0,12.0,13.0,10.0,10.0,12.0,4.0,13.0,11.0
1297,42.0,67.0,38.0,61.0,42.0,12.0,31.0,20.0,19.0,14.0
1298,42.0,67.0,38.0,61.0,42.0,12.0,31.0,20.0,19.0,14.0
1299,42.0,67.0,38.0,61.0,42.0,12.0,31.0,20.0,19.0,14.0
1300,8.0,9.0,2.0,42.0,21.0,3.0,26.0,6.0,3.0,1.0
1301,8.0,9.0,2.0,41.0,21.0,3.0,26.0,6.0,3.0,1.0
1302,4.0,7.0,3.0,36.0,19.0,2.0,9.0,4.0,3.0,2.0
1303,8.0,10.0,1.0,35.0,14.0,5.0,12.0,9.0,2.0,1.0
1304,8.0,10.0,1.0,35.0,14.0,5.0,12.0,9.0,2.0,1.0
1305,7.0,12.0,4.0,22.0,11.0,5.0,5.0,8.0,4.0,
1306,7.0,12.0,4.0,22.0,11.0,5.0,5.0,8.0,4.0,
1307,2.0,6.0,1.0,28.0,15.0,3.0,12.0,5.0,6.0,
1308,3.0,4.0,1.0,30.0,12.0,,5.0,4.0,2.0,
1309,13.0,7.0,1.0,29.0,15.0,3.0,10.0,3.0,2.0,1.0
1310,28.0,48.0,27.0,55.0,30.0,10.0,21.0,16.0,22.0,15.0
1311,46.0,77.0,34.0,67.0,45.0,23.0,43.0,27.0,32.0,18.0
1312,38.0,71.0,25.0,106.0,54.0,13.0,49.0,28.0,28.0,21.0
1313,6.0,19.0,4.0,64.0,36.0,12.0,29.0,27.0,7.0,4.0
1314,15.0,17.0,21.0,30.0,17.0,3.0,13.0,2.0,2.0,
1315,12.0,14.0,5.0,35.0,19.0,1.0,14.0,4.0,3.0,2.0
1316,12.0,14.0,5.0,35.0,19.0,1.0,14.0,4.0,3.0,2.0
1317,10.0,10.0,11.0,12.0,12.0,5.0,11.0,5.0,3.0,2.0
1318,5.0,10.0,3.0,30.0,14.0,3.0,9.0,7.0,4.0,1.0
1319,10.0,8.0,10.0,26.0,16.0,2.0,9.0,1.0,1.0,1.0
1320,4.0,5.0,5.0,9.0,7.0,2.0,4.0,1.0,,
1321,8.0,10.0,3.0,14.0,13.0,,5.0,2.0,7.0,3.0
1322,29.0,35.0,18.0,24.0,18.0,11.0,18.0,5.0,10.0,9.0
1323,9.0,8.0,7.0,15.0,11.0,3.0,6.0,4.0,1.0,2.0
1324,9.0,13.0,5.0,22.0,14.0,,6.0,3.0,2.0,1.0
1325,37.0,43.0,27.0,48.0,33.0,8.0,21.0,8.0,8.0,11.0
1326,6.0,6.0,2.0,29.0,18.0,2.0,14.0,9.0,2.0,
1327,5.0,6.0,1.0,16.0,9.0,,5.0,,,1.0
1328,9.0,16.0,9.0,9.0,5.0,,5.0,1.0,8.0,5.0
1329,10.0,13.0,6.0,22.0,12.0,5.0,11.0,4.0,4.0,3.0
1330,7.0,8.0,7.0,18.0,10.0,3.0,9.0,2.0,2.0,1.0
1331,22.0,28.0,17.0,26.0,12.0,2.0,11.0,2.0,10.0,5.0
1332,17.0,16.0,12.0,34.0,23.0,2.0,8.0,2.0,2.0,1.0
1333,15.0,13.0,8.0,27.0,18.0,6.0,13.0,7.0,4.0,4.0
1334,16.0,19.0,18.0,27.0,13.0,6.0,16.0,8.0,6.0,4.0
1335,16.0,19.0,18.0,27.0,13.0,6.0,16.0,8.0,6.0,4.0
1336,15.0,18.0,17.0,20.0,11.0,6.0,15.0,8.0,6.0,4.0
1337,2.0,2.0,1.0,2.0,2.0,,1.0,,,
1338,6.0,9.0,6.0,25.0,11.0,,7.0,2.0,1.0,1.0
1339,21.0,29.0,17.0,38.0,30.0,7.0,17.0,6.0,11.0,8.0
1340,10.0,22.0,11.0,46.0,19.0,4.0,20.0,2.0,5.0,5.0
1341,8.0,12.0,5.0,17.0,2.0,6.0,10.0,4.0,6.0,1.0
1342,33.0,45.0,17.0,49.0,27.0,7.0,33.0,3.0,11.0,2.0
1343,11.0,14.0,4.0,20.0,16.0,3.0,13.0,1.0,2.0,1.0
1344,11.0,14.0,4.0,20.0,16.0,3.0,13.0,1.0,2.0,1.0
1345,6.0,5.0,2.0,20.0,14.0,6.0,6.0,6.0,2.0,
1346,14.0,18.0,11.0,42.0,24.0,5.0,27.0,6.0,4.0,3.0
1347,3.0,5.0,1.0,11.0,5.0,1.0,4.0,2.0,2.0,
1348,16.0,19.0,10.0,47.0,30.0,5.0,17.0,6.0,3.0,1.0
1349,14.0,23.0,13.0,36.0,23.0,2.0,22.0,4.0,7.0,4.0
1350,13.0,17.0,10.0,16.0,17.0,3.0,10.0,1.0,5.0,2.0
1351,11.0,17.0,9.0,46.0,20.0,8.0,21.0,15.0,9.0,5.0
1352,12.0,22.0,10.0,39.0,23.0,4.0,20.0,5.0,9.0,4.0
1353,15.0,26.0,9.0,64.0,44.0,4.0,22.0,11.0,6.0,3.0
1354,10.0,16.0,5.0,43.0,27.0,1.0,16.0,8.0,3.0,3.0
1355,15.0,20.0,9.0,26.0,25.0,7.0,17.0,10.0,4.0,3.0
1356,58.0,74.0,40.0,103.0,53.0,11.0,60.0,13.0,21.0,18.0
1357,7.0,13.0,2.0,25.0,13.0,4.0,10.0,3.0,2.0,2.0
1358,10.0,13.0,3.0,44.0,26.0,2.0,19.0,12.0,3.0,2.0
1359,31.0,19.0,11.0,55.0,37.0,2.0,17.0,8.0,7.0,4.0
1360,8.0,12.0,7.0,32.0,19.0,8.0,19.0,6.0,,
1361,5.0,10.0,,27.0,15.0,1.0,11.0,3.0,1.0,
1362,11.0,13.0,12.0,28.0,17.0,2.0,10.0,6.0,3.0,6.0
1363,12.0,14.0,6.0,34.0,23.0,5.0,20.0,1.0,7.0,1.0
1364,4.0,6.0,3.0,14.0,3.0,5.0,8.0,2.0,,1.0
1365,13.0,13.0,12.0,24.0,15.0,2.0,8.0,5.0,4.0,4.0
1366,5.0,7.0,5.0,7.0,2.0,4.0,4.0,1.0,4.0,3.0
1367,22.0,35.0,24.0,47.0,38.0,9.0,17.0,10.0,7.0,7.0
1368,3.0,2.0,2.0,4.0,,1.0,1.0,,1.0,2.0
1369,19.0,28.0,17.0,48.0,15.0,7.0,26.0,14.0,8.0,9.0
1370,13.0,12.0,8.0,45.0,24.0,1.0,15.0,4.0,2.0,3.0
1371,13.0,12.0,8.0,45.0,24.0,1.0,15.0,4.0,2.0,3.0
1372,5.0,8.0,8.0,20.0,10.0,1.0,2.0,,5.0,
1373,94.0,107.0,46.0,149.0,108.0,20.0,51.0,34.0,45.0,25.0
1374,76.0,82.0,36.0,121.0,86.0,17.0,43.0,25.0,38.0,21.0
1375,18.0,25.0,13.0,44.0,27.0,8.0,14.0,6.0,8.0,5.0
1376,3.0,5.0,,23.0,12.0,,3.0,4.0,2.0,
1377,230.0,314.0,163.0,494.0,241.0,59.0,213.0,106.0,68.0,44.0
1378,15.0,27.0,14.0,38.0,19.0,11.0,26.0,10.0,8.0,9.0
1379,254.0,333.0,187.0,512.0,267.0,61.0,199.0,72.0,99.0,70.0
1380,7.0,10.0,7.0,17.0,13.0,2.0,9.0,3.0,,2.0
1381,15.0,27.0,14.0,38.0,19.0,11.0,26.0,10.0,8.0,9.0
1382,176.0,261.0,141.0,401.0,217.0,58.0,153.0,62.0,69.0,60.0
1383,68.0,100.0,45.0,112.0,61.0,28.0,64.0,31.0,28.0,22.0
1384,15.0,20.0,10.0,25.0,17.0,1.0,9.0,3.0,3.0,1.0
1385,15.0,26.0,15.0,28.0,15.0,4.0,12.0,6.0,6.0,4.0
1386,31.0,59.0,20.0,72.0,56.0,15.0,34.0,17.0,25.0,15.0
1387,266.0,364.0,168.0,564.0,290.0,89.0,263.0,129.0,131.0,63.0
1388,24.0,27.0,10.0,52.0,19.0,2.0,17.0,5.0,7.0,6.0
1389,2.0,6.0,6.0,19.0,5.0,3.0,9.0,3.0,3.0,2.0
1390,9.0,13.0,4.0,26.0,10.0,3.0,7.0,2.0,4.0,
1391,7.0,5.0,6.0,9.0,5.0,2.0,1.0,1.0,,1.0
1392,185.0,199.0,75.0,367.0,206.0,43.0,127.0,48.0,67.0,34.0
1393,11.0,10.0,7.0,51.0,25.0,2.0,13.0,9.0,4.0,1.0
1394,220.0,260.0,128.0,449.0,289.0,61.0,177.0,78.0,76.0,55.0
1395,3.0,9.0,2.0,27.0,13.0,1.0,11.0,2.0,5.0,1.0
1396,3.0,6.0,4.0,9.0,5.0,,4.0,2.0,,2.0
1397,6.0,17.0,6.0,18.0,6.0,,7.0,1.0,3.0,4.0
1398,3.0,9.0,6.0,28.0,13.0,5.0,12.0,7.0,1.0,1.0
1399,13.0,14.0,10.0,21.0,10.0,7.0,14.0,3.0,3.0,4.0
1400,13.0,11.0,4.0,22.0,7.0,1.0,15.0,4.0,2.0,1.0
1401,26.0,27.0,12.0,52.0,33.0,9.0,24.0,10.0,10.0,5.0
1402,10.0,15.0,8.0,31.0,19.0,8.0,12.0,8.0,4.0,2.0
1403,9.0,13.0,5.0,33.0,14.0,,11.0,4.0,1.0,4.0
1404,15.0,14.0,5.0,26.0,19.0,,5.0,1.0,,1.0
1405,117.0,197.0,78.0,324.0,174.0,36.0,140.0,65.0,50.0,25.0
1406,27.0,27.0,10.0,51.0,29.0,7.0,15.0,9.0,4.0,6.0
1407,15.0,18.0,6.0,16.0,8.0,3.0,8.0,,4.0,3.0
1408,18.0,21.0,15.0,17.0,14.0,3.0,9.0,3.0,7.0,3.0
1409,18.0,21.0,15.0,17.0,14.0,3.0,9.0,3.0,7.0,3.0
1410,18.0,21.0,15.0,17.0,14.0,3.0,9.0,3.0,7.0,3.0
1411,18.0,21.0,15.0,17.0,14.0,3.0,9.0,3.0,7.0,3.0
1412,21.0,23.0,16.0,20.0,17.0,6.0,4.0,7.0,2.0,2.0
1413,13.0,28.0,8.0,24.0,12.0,3.0,4.0,3.0,1.0,2.0
1414,14.0,18.0,9.0,33.0,19.0,5.0,14.0,4.0,7.0,7.0
1415,14.0,18.0,9.0,33.0,19.0,5.0,14.0,4.0,7.0,7.0
1416,21.0,26.0,7.0,42.0,29.0,5.0,22.0,10.0,6.0,2.0
1417,3.0,5.0,3.0,13.0,8.0,1.0,6.0,2.0,,
1418,3.0,5.0,3.0,13.0,8.0,1.0,6.0,2.0,,
1419,3.0,5.0,3.0,13.0,8.0,1.0,6.0,2.0,,
1420,3.0,5.0,3.0,13.0,8.0,1.0,6.0,2.0,,
1421,14.0,15.0,8.0,37.0,25.0,2.0,21.0,3.0,3.0,
1422,25.0,35.0,17.0,57.0,27.0,6.0,28.0,6.0,4.0,6.0
1423,31.0,38.0,18.0,52.0,30.0,5.0,26.0,11.0,18.0,6.0
1424,12.0,13.0,7.0,21.0,11.0,7.0,15.0,1.0,4.0,7.0
1425,24.0,26.0,20.0,39.0,33.0,4.0,11.0,4.0,6.0,5.0
1426,4.0,6.0,7.0,7.0,3.0,2.0,3.0,,2.0,4.0
1427,25.0,27.0,20.0,39.0,33.0,4.0,12.0,4.0,7.0,5.0
1428,24.0,26.0,20.0,38.0,33.0,4.0,11.0,4.0,6.0,5.0
1429,24.0,26.0,20.0,38.0,33.0,4.0,11.0,4.0,6.0,5.0
1430,24.0,26.0,20.0,38.0,33.0,4.0,11.0,4.0,6.0,5.0
1431,24.0,26.0,20.0,38.0,33.0,4.0,11.0,4.0,6.0,5.0
1432,10.0,13.0,7.0,71.0,37.0,11.0,22.0,19.0,9.0,2.0
1433,25.0,27.0,20.0,38.0,33.0,4.0,11.0,4.0,6.0,5.0
1434,25.0,27.0,20.0,38.0,33.0,4.0,11.0,4.0,6.0,5.0
1435,22.0,33.0,14.0,30.0,20.0,6.0,15.0,8.0,8.0,8.0
1436,26.0,38.0,15.0,33.0,23.0,6.0,11.0,5.0,18.0,8.0
1437,24.0,26.0,20.0,38.0,33.0,4.0,11.0,4.0,6.0,5.0
1438,24.0,26.0,20.0,38.0,33.0,4.0,11.0,4.0,6.0,5.0
1439,24.0,26.0,20.0,38.0,33.0,4.0,11.0,4.0,6.0,5.0
1440,25.0,27.0,20.0,39.0,33.0,4.0,12.0,4.0,7.0,5.0
1441,26.0,29.0,22.0,41.0,35.0,4.0,13.0,4.0,9.0,5.0
1442,3.0,5.0,2.0,39.0,14.0,6.0,14.0,4.0,1.0,2.0
1443,15.0,19.0,17.0,28.0,14.0,8.0,12.0,5.0,5.0,5.0
1444,10.0,24.0,10.0,27.0,16.0,,11.0,2.0,8.0,2.0
1445,19.0,7.0,4.0,31.0,16.0,3.0,10.0,5.0,2.0,1.0
1446,3.0,7.0,4.0,27.0,10.0,1.0,4.0,,5.0,
1447,13.0,20.0,4.0,24.0,21.0,,11.0,5.0,2.0,2.0
1448,13.0,20.0,4.0,24.0,21.0,,11.0,5.0,2.0,2.0
1449,16.0,24.0,7.0,32.0,19.0,3.0,13.0,3.0,3.0,4.0
1450,15.0,23.0,7.0,28.0,15.0,3.0,12.0,2.0,3.0,4.0
1451,10.0,16.0,9.0,34.0,18.0,3.0,19.0,7.0,6.0,3.0
1452,8.0,9.0,2.0,39.0,20.0,3.0,25.0,6.0,3.0,1.0
1453,31.0,39.0,27.0,59.0,32.0,16.0,25.0,11.0,15.0,10.0
1454,12.0,35.0,14.0,35.0,18.0,6.0,20.0,9.0,18.0,3.0
1455,7.0,11.0,6.0,37.0,17.0,4.0,15.0,2.0,3.0,
1456,36.0,48.0,24.0,46.0,29.0,8.0,35.0,11.0,12.0,7.0
1457,36.0,48.0,24.0,46.0,29.0,8.0,35.0,11.0,12.0,7.0
1458,7.0,10.0,7.0,14.0,8.0,3.0,9.0,2.0,3.0,5.0
1459,3.0,10.0,6.0,14.0,6.0,3.0,7.0,2.0,5.0,2.0
1460,7.0,9.0,2.0,4.0,6.0,2.0,6.0,,3.0,1.0
1461,13.0,14.0,11.0,19.0,14.0,3.0,5.0,3.0,4.0,6.0
1462,9.0,21.0,11.0,23.0,12.0,5.0,10.0,6.0,4.0,4.0
1463,8.0,18.0,9.0,26.0,12.0,4.0,10.0,6.0,4.0,3.0
1464,29.0,35.0,14.0,29.0,13.0,10.0,21.0,6.0,10.0,6.0
1465,27.0,34.0,13.0,30.0,14.0,10.0,21.0,6.0,9.0,5.0
1466,29.0,44.0,28.0,41.0,30.0,4.0,25.0,7.0,11.0,7.0
1467,14.0,23.0,9.0,32.0,17.0,4.0,16.0,7.0,4.0,1.0
1468,7.0,7.0,3.0,12.0,8.0,3.0,7.0,3.0,4.0,1.0
1469,11.0,13.0,5.0,20.0,17.0,3.0,7.0,7.0,8.0,2.0
1470,14.0,22.0,9.0,36.0,20.0,4.0,16.0,8.0,3.0,1.0
1471,14.0,22.0,9.0,36.0,20.0,4.0,16.0,8.0,3.0,1.0
1472,43.0,66.0,32.0,46.0,27.0,5.0,18.0,8.0,11.0,15.0
1473,10.0,12.0,5.0,20.0,17.0,3.0,7.0,7.0,7.0,2.0
1474,12.0,13.0,15.0,13.0,11.0,2.0,8.0,2.0,2.0,2.0
1475,12.0,13.0,15.0,13.0,11.0,2.0,8.0,2.0,2.0,2.0
1476,6.0,9.0,5.0,15.0,9.0,1.0,4.0,3.0,2.0,2.0
1477,24.0,25.0,18.0,30.0,13.0,3.0,11.0,3.0,10.0,1.0
1478,18.0,30.0,15.0,41.0,20.0,5.0,14.0,6.0,8.0,4.0
1479,23.0,32.0,15.0,41.0,23.0,5.0,14.0,8.0,12.0,8.0
1480,22.0,21.0,13.0,36.0,25.0,5.0,22.0,4.0,4.0,5.0
1481,22.0,21.0,13.0,36.0,25.0,5.0,22.0,4.0,4.0,5.0
1482,22.0,21.0,13.0,36.0,25.0,5.0,22.0,4.0,4.0,5.0
1483,18.0,22.0,9.0,27.0,24.0,1.0,8.0,1.0,1.0,
1484,17.0,21.0,13.0,27.0,16.0,2.0,8.0,3.0,8.0,6.0
1485,9.0,13.0,3.0,18.0,4.0,1.0,10.0,1.0,5.0,2.0
1486,9.0,13.0,3.0,18.0,4.0,1.0,10.0,1.0,5.0,2.0
1487,3.0,8.0,4.0,15.0,7.0,,4.0,,4.0,4.0
1488,3.0,8.0,4.0,15.0,7.0,,4.0,,4.0,4.0
1489,12.0,11.0,1.0,20.0,14.0,3.0,7.0,2.0,2.0,1.0
1490,11.0,14.0,3.0,18.0,9.0,1.0,7.0,3.0,5.0,2.0
1491,12.0,15.0,3.0,28.0,11.0,1.0,8.0,4.0,5.0,1.0
1492,40.0,45.0,33.0,50.0,28.0,13.0,22.0,20.0,13.0,7.0
1493,12.0,14.0,3.0,28.0,17.0,3.0,16.0,5.0,8.0,
1494,12.0,14.0,3.0,28.0,17.0,3.0,16.0,5.0,8.0,
1495,12.0,14.0,3.0,28.0,17.0,3.0,16.0,5.0,8.0,
1496,5.0,8.0,,26.0,13.0,3.0,12.0,7.0,4.0,1.0
1497,49.0,59.0,20.0,82.0,55.0,8.0,34.0,10.0,9.0,7.0
1498,21.0,30.0,22.0,52.0,28.0,8.0,15.0,7.0,6.0,8.0
1499,6.0,16.0,10.0,58.0,35.0,12.0,30.0,24.0,2.0,2.0
1500,6.0,16.0,10.0,60.0,36.0,13.0,31.0,25.0,2.0,2.0
1501,6.0,16.0,10.0,58.0,35.0,12.0,30.0,24.0,2.0,2.0
1502,6.0,16.0,10.0,60.0,36.0,13.0,31.0,25.0,2.0,2.0
1503,10.0,7.0,2.0,31.0,16.0,8.0,21.0,6.0,2.0,
1504,10.0,7.0,2.0,31.0,16.0,8.0,21.0,6.0,2.0,
1505,11.0,18.0,8.0,29.0,18.0,3.0,9.0,4.0,2.0,2.0
1506,14.0,19.0,7.0,35.0,18.0,4.0,13.0,6.0,4.0,4.0
1507,23.0,33.0,7.0,23.0,15.0,3.0,13.0,5.0,5.0,3.0
1508,23.0,34.0,8.0,23.0,15.0,4.0,13.0,5.0,6.0,4.0
1509,59.0,82.0,45.0,56.0,32.0,17.0,36.0,13.0,21.0,19.0
1510,22.0,28.0,10.0,37.0,29.0,2.0,16.0,7.0,11.0,6.0
1511,24.0,30.0,11.0,39.0,29.0,2.0,17.0,7.0,11.0,6.0
1512,33.0,48.0,19.0,44.0,23.0,10.0,24.0,7.0,13.0,13.0
1513,8.0,10.0,5.0,24.0,12.0,2.0,7.0,3.0,4.0,3.0
1514,12.0,13.0,4.0,29.0,11.0,2.0,8.0,1.0,6.0,2.0
1515,18.0,19.0,6.0,28.0,19.0,3.0,17.0,8.0,4.0,2.0
1516,18.0,18.0,5.0,27.0,19.0,3.0,16.0,7.0,3.0,2.0
1517,13.0,17.0,9.0,18.0,22.0,9.0,11.0,7.0,14.0,2.0
1518,,2.0,2.0,1.0,,,1.0,,,
1519,15.0,15.0,8.0,25.0,13.0,3.0,6.0,3.0,2.0,2.0
1520,15.0,15.0,8.0,25.0,13.0,3.0,6.0,3.0,2.0,2.0
1521,2.0,4.0,2.0,4.0,5.0,,2.0,1.0,2.0,
1522,2.0,4.0,2.0,4.0,5.0,,2.0,1.0,2.0,
1523,2.0,4.0,2.0,4.0,5.0,,2.0,1.0,2.0,
1524,20.0,32.0,17.0,54.0,22.0,9.0,18.0,6.0,4.0,4.0
1525,20.0,32.0,17.0,54.0,22.0,9.0,18.0,6.0,4.0,4.0
1526,20.0,32.0,17.0,54.0,22.0,9.0,18.0,6.0,4.0,4.0
1527,20.0,32.0,17.0,54.0,22.0,9.0,18.0,6.0,4.0,4.0
1528,10.0,6.0,6.0,6.0,6.0,1.0,5.0,,2.0,
1529,7.0,13.0,6.0,16.0,18.0,3.0,18.0,4.0,,
1530,13.0,16.0,11.0,26.0,23.0,1.0,12.0,1.0,4.0,1.0
1531,15.0,24.0,15.0,24.0,22.0,7.0,12.0,2.0,5.0,2.0
1532,5.0,10.0,8.0,12.0,7.0,1.0,7.0,1.0,4.0,2.0
1533,17.0,29.0,12.0,30.0,17.0,6.0,20.0,6.0,2.0,4.0
1534,13.0,20.0,12.0,18.0,6.0,1.0,10.0,1.0,3.0,2.0
1535,16.0,20.0,15.0,25.0,17.0,5.0,16.0,4.0,11.0,7.0
1536,14.0,18.0,13.0,21.0,15.0,5.0,13.0,4.0,9.0,6.0
1537,6.0,7.0,5.0,18.0,9.0,1.0,6.0,2.0,3.0,1.0
1538,9.0,14.0,10.0,20.0,9.0,1.0,12.0,1.0,,1.0
1539,18.0,36.0,14.0,60.0,37.0,13.0,29.0,9.0,9.0,6.0
1540,16.0,30.0,8.0,33.0,8.0,2.0,21.0,3.0,8.0,3.0
1541,12.0,16.0,6.0,10.0,6.0,3.0,8.0,3.0,7.0,2.0
1542,12.0,16.0,6.0,10.0,6.0,3.0,8.0,3.0,7.0,2.0
1543,8.0,8.0,5.0,15.0,10.0,,4.0,,2.0,
1544,32.0,52.0,28.0,63.0,25.0,13.0,25.0,14.0,12.0,13.0
1545,9.0,16.0,9.0,22.0,10.0,2.0,13.0,2.0,6.0,4.0
1546,7.0,9.0,2.0,4.0,6.0,2.0,6.0,,3.0,1.0
1547,7.0,9.0,2.0,4.0,6.0,2.0,6.0,,3.0,1.0
1548,7.0,9.0,2.0,4.0,6.0,2.0,6.0,,3.0,1.0
1549,8.0,12.0,4.0,21.0,15.0,1.0,10.0,2.0,2.0,1.0
1550,8.0,12.0,4.0,21.0,15.0,1.0,10.0,2.0,2.0,1.0
1551,8.0,12.0,4.0,21.0,15.0,1.0,10.0,2.0,2.0,1.0
1552,8.0,12.0,4.0,21.0,15.0,1.0,10.0,2.0,2.0,1.0
1553,8.0,12.0,4.0,21.0,15.0,1.0,10.0,2.0,2.0,1.0
1554,8.0,12.0,4.0,21.0,15.0,1.0,10.0,2.0,2.0,1.0
1555,8.0,12.0,4.0,21.0,15.0,1.0,10.0,2.0,2.0,1.0
1556,8.0,12.0,4.0,21.0,15.0,1.0,10.0,2.0,2.0,1.0
1557,10.0,16.0,5.0,28.0,9.0,5.0,21.0,7.0,2.0,1.0
1558,10.0,15.0,4.0,28.0,9.0,5.0,21.0,7.0,2.0,1.0
1559,6.0,12.0,6.0,13.0,7.0,4.0,6.0,1.0,6.0,2.0
1560,6.0,12.0,6.0,13.0,7.0,4.0,6.0,1.0,6.0,2.0
1561,22.0,32.0,17.0,28.0,13.0,3.0,19.0,4.0,5.0,4.0
1562,11.0,21.0,6.0,28.0,17.0,7.0,13.0,8.0,7.0,5.0
1563,13.0,26.0,8.0,35.0,21.0,7.0,16.0,7.0,8.0,4.0
1564,38.0,58.0,30.0,53.0,40.0,17.0,31.0,15.0,24.0,19.0
1565,10.0,14.0,10.0,27.0,19.0,4.0,8.0,6.0,2.0,1.0
1566,10.0,14.0,10.0,27.0,19.0,4.0,8.0,6.0,2.0,1.0
1567,23.0,25.0,15.0,47.0,28.0,5.0,17.0,11.0,14.0,4.0
1568,28.0,36.0,17.0,30.0,13.0,6.0,21.0,2.0,8.0,8.0
1569,12.0,25.0,7.0,26.0,17.0,4.0,15.0,3.0,5.0,2.0
1570,12.0,25.0,7.0,26.0,17.0,4.0,15.0,3.0,5.0,2.0
1571,9.0,10.0,3.0,19.0,13.0,2.0,10.0,2.0,2.0,1.0
1572,9.0,10.0,3.0,19.0,13.0,2.0,10.0,2.0,2.0,1.0
1573,9.0,10.0,3.0,19.0,13.0,2.0,10.0,2.0,2.0,1.0
1574,9.0,10.0,3.0,19.0,13.0,2.0,10.0,2.0,2.0,1.0
1575,7.0,9.0,3.0,26.0,17.0,5.0,12.0,6.0,5.0,2.0
1576,10.0,10.0,6.0,25.0,14.0,5.0,9.0,2.0,2.0,2.0
1577,1.0,3.0,1.0,4.0,3.0,3.0,4.0,,1.0,1.0
1578,2.0,5.0,1.0,15.0,6.0,2.0,7.0,1.0,,
1579,2.0,4.0,1.0,14.0,7.0,1.0,6.0,1.0,,
1580,2.0,4.0,1.0,14.0,7.0,1.0,6.0,1.0,,
1581,7.0,7.0,4.0,7.0,4.0,,2.0,1.0,1.0,1.0
1582,7.0,7.0,4.0,7.0,4.0,,2.0,1.0,1.0,1.0
1583,7.0,7.0,4.0,7.0,4.0,,2.0,1.0,1.0,1.0
1584,28.0,32.0,13.0,35.0,13.0,5.0,22.0,4.0,8.0,4.0
1585,24.0,33.0,13.0,28.0,16.0,7.0,14.0,9.0,8.0,8.0
1586,19.0,25.0,14.0,26.0,15.0,8.0,15.0,3.0,3.0,8.0
1587,14.0,23.0,6.0,17.0,11.0,4.0,8.0,5.0,2.0,4.0
1588,11.0,11.0,6.0,30.0,13.0,3.0,9.0,2.0,6.0,3.0
1589,11.0,11.0,6.0,30.0,13.0,3.0,9.0,2.0,6.0,3.0
1590,9.0,18.0,7.0,17.0,13.0,5.0,9.0,3.0,6.0,2.0
1591,11.0,17.0,5.0,18.0,9.0,2.0,11.0,3.0,4.0,
1592,13.0,17.0,8.0,20.0,21.0,2.0,7.0,2.0,3.0,3.0
1593,13.0,17.0,8.0,20.0,21.0,2.0,7.0,2.0,3.0,3.0
1594,24.0,31.0,18.0,43.0,20.0,8.0,20.0,9.0,15.0,6.0
1595,19.0,34.0,13.0,60.0,33.0,6.0,18.0,5.0,6.0,9.0
1596,17.0,32.0,13.0,54.0,29.0,5.0,16.0,4.0,6.0,7.0
1597,19.0,34.0,13.0,60.0,33.0,6.0,18.0,5.0,6.0,9.0
1598,17.0,15.0,6.0,19.0,9.0,2.0,7.0,4.0,2.0,1.0
1599,17.0,15.0,6.0,19.0,9.0,2.0,7.0,4.0,2.0,1.0
1600,5.0,6.0,2.0,11.0,6.0,2.0,10.0,1.0,2.0,
1601,24.0,40.0,20.0,40.0,41.0,3.0,16.0,3.0,15.0,6.0
1602,24.0,40.0,20.0,40.0,41.0,3.0,16.0,3.0,15.0,6.0
1603,8.0,11.0,8.0,24.0,10.0,2.0,13.0,5.0,1.0,3.0
1604,49.0,83.0,34.0,88.0,66.0,11.0,36.0,17.0,33.0,31.0
1605,18.0,21.0,14.0,18.0,13.0,4.0,3.0,7.0,3.0,3.0
1606,14.0,21.0,7.0,66.0,37.0,6.0,22.0,12.0,3.0,1.0
1607,57.0,79.0,26.0,121.0,88.0,14.0,53.0,20.0,26.0,12.0
1608,57.0,79.0,26.0,121.0,88.0,14.0,53.0,20.0,26.0,12.0
1609,9.0,12.0,4.0,26.0,14.0,1.0,6.0,2.0,4.0,3.0
1610,10.0,12.0,5.0,24.0,13.0,2.0,6.0,2.0,4.0,3.0
1611,13.0,16.0,8.0,31.0,14.0,3.0,11.0,4.0,3.0,2.0
1612,26.0,32.0,25.0,41.0,9.0,13.0,26.0,5.0,13.0,9.0
1613,51.0,78.0,31.0,71.0,32.0,15.0,31.0,18.0,12.0,9.0
1614,6.0,4.0,2.0,25.0,17.0,6.0,13.0,7.0,,
1615,12.0,16.0,16.0,18.0,13.0,4.0,9.0,3.0,2.0,
1616,12.0,15.0,7.0,30.0,13.0,5.0,9.0,3.0,4.0,1.0
1617,11.0,17.0,7.0,27.0,19.0,4.0,10.0,11.0,8.0,2.0
1618,5.0,5.0,3.0,9.0,9.0,1.0,3.0,2.0,,1.0
1619,5.0,5.0,3.0,9.0,9.0,1.0,3.0,2.0,,1.0
1620,17.0,20.0,14.0,21.0,22.0,8.0,14.0,1.0,6.0,3.0
1621,2.0,9.0,3.0,24.0,7.0,5.0,5.0,4.0,2.0,1.0
1622,7.0,13.0,6.0,22.0,7.0,,10.0,,1.0,
1623,16.0,22.0,13.0,18.0,14.0,2.0,9.0,,2.0,1.0
1624,16.0,22.0,13.0,18.0,14.0,2.0,9.0,,2.0,1.0
1625,16.0,22.0,13.0,18.0,14.0,2.0,9.0,,2.0,1.0
1626,15.0,21.0,12.0,17.0,12.0,2.0,9.0,,2.0,1.0
1627,9.0,15.0,11.0,17.0,14.0,1.0,5.0,1.0,1.0,1.0
1628,9.0,15.0,6.0,42.0,23.0,3.0,11.0,12.0,5.0,3.0
1629,10.0,13.0,2.0,36.0,22.0,1.0,17.0,7.0,5.0,2.0
1630,10.0,13.0,2.0,36.0,22.0,1.0,17.0,7.0,5.0,2.0
1631,10.0,13.0,2.0,36.0,22.0,1.0,17.0,7.0,5.0,2.0
1632,10.0,16.0,10.0,32.0,22.0,1.0,18.0,6.0,6.0,3.0
1633,20.0,24.0,16.0,27.0,27.0,2.0,12.0,1.0,8.0,5.0
1634,6.0,8.0,7.0,23.0,8.0,3.0,12.0,3.0,4.0,3.0
1635,20.0,21.0,15.0,16.0,7.0,5.0,10.0,2.0,7.0,4.0
1636,8.0,10.0,4.0,10.0,3.0,1.0,13.0,1.0,3.0,2.0
1637,2.0,6.0,4.0,13.0,10.0,1.0,3.0,4.0,3.0,1.0
1638,40.0,37.0,21.0,95.0,52.0,9.0,45.0,12.0,15.0,8.0
1639,17.0,15.0,7.0,30.0,14.0,1.0,14.0,4.0,6.0,1.0
1640,13.0,20.0,12.0,18.0,6.0,1.0,10.0,1.0,3.0,2.0
1641,22.0,26.0,15.0,51.0,25.0,6.0,22.0,8.0,6.0,3.0
1642,10.0,10.0,9.0,21.0,13.0,3.0,8.0,4.0,6.0,4.0
1643,44.0,85.0,39.0,151.0,90.0,23.0,66.0,26.0,21.0,6.0
1644,11.0,12.0,11.0,26.0,15.0,3.0,8.0,5.0,6.0,4.0
1645,14.0,15.0,10.0,17.0,13.0,3.0,12.0,3.0,4.0,6.0
1646,11.0,15.0,8.0,19.0,14.0,3.0,11.0,3.0,4.0,6.0
1647,11.0,21.0,11.0,45.0,22.0,4.0,21.0,2.0,4.0,5.0
1648,12.0,14.0,7.0,19.0,9.0,3.0,7.0,3.0,1.0,2.0
1649,4.0,13.0,7.0,31.0,13.0,1.0,9.0,5.0,10.0,2.0
1650,5.0,4.0,4.0,11.0,8.0,,3.0,1.0,3.0,
1651,8.0,8.0,3.0,7.0,3.0,1.0,4.0,1.0,3.0,1.0
1652,2.0,4.0,1.0,4.0,2.0,1.0,1.0,,2.0,
1653,2.0,3.0,2.0,10.0,2.0,1.0,3.0,,,1.0
1654,2.0,3.0,2.0,10.0,2.0,1.0,3.0,,,1.0
1655,15.0,21.0,12.0,21.0,16.0,4.0,14.0,4.0,5.0,3.0
1656,33.0,32.0,24.0,55.0,40.0,5.0,23.0,11.0,9.0,7.0
1657,23.0,37.0,15.0,41.0,18.0,8.0,30.0,13.0,4.0,5.0
1658,61.0,79.0,39.0,102.0,57.0,20.0,58.0,23.0,25.0,9.0
1659,5.0,6.0,3.0,10.0,10.0,,9.0,2.0,2.0,1.0
1660,46.0,69.0,41.0,104.0,53.0,21.0,47.0,21.0,26.0,9.0
1661,2.0,4.0,2.0,16.0,9.0,1.0,5.0,3.0,1.0,
1662,13.0,14.0,10.0,34.0,20.0,1.0,11.0,3.0,7.0,5.0
1663,8.0,11.0,2.0,24.0,12.0,3.0,14.0,6.0,3.0,2.0
1664,2.0,3.0,3.0,6.0,5.0,1.0,4.0,,,1.0
1665,20.0,33.0,13.0,51.0,33.0,10.0,28.0,9.0,8.0,7.0
1666,12.0,12.0,4.0,47.0,33.0,4.0,25.0,9.0,7.0,1.0
1667,8.0,13.0,10.0,12.0,7.0,4.0,5.0,4.0,4.0,6.0
1668,8.0,11.0,4.0,23.0,18.0,6.0,15.0,6.0,2.0,
1669,10.0,12.0,6.0,14.0,15.0,2.0,5.0,3.0,4.0,3.0
1670,10.0,12.0,6.0,14.0,15.0,2.0,5.0,3.0,4.0,3.0
1671,18.0,21.0,12.0,28.0,12.0,2.0,10.0,4.0,5.0,2.0
1672,6.0,7.0,4.0,7.0,4.0,1.0,5.0,3.0,5.0,1.0
1673,24.0,26.0,13.0,43.0,24.0,4.0,23.0,6.0,4.0,1.0
1674,57.0,71.0,49.0,122.0,64.0,30.0,64.0,34.0,13.0,12.0
1675,241.0,293.0,142.0,385.0,247.0,51.0,158.0,63.0,94.0,48.0
1676,9.0,13.0,3.0,18.0,4.0,,8.0,1.0,5.0,2.0
1677,3.0,8.0,2.0,15.0,7.0,4.0,7.0,5.0,2.0,1.0
1678,143.0,222.0,87.0,324.0,168.0,41.0,119.0,69.0,69.0,28.0
1679,18.0,28.0,12.0,29.0,10.0,8.0,16.0,2.0,3.0,7.0
1680,43.0,71.0,35.0,74.0,39.0,21.0,34.0,26.0,31.0,21.0
1681,23.0,31.0,12.0,65.0,33.0,4.0,25.0,7.0,10.0,8.0
1682,29.0,38.0,25.0,48.0,34.0,8.0,19.0,8.0,5.0,4.0
1683,9.0,12.0,5.0,19.0,14.0,3.0,9.0,3.0,2.0,3.0
1684,15.0,17.0,5.0,25.0,11.0,1.0,7.0,5.0,5.0,3.0
1685,233.0,304.0,122.0,488.0,312.0,56.0,226.0,108.0,113.0,38.0
1686,228.0,313.0,139.0,468.0,289.0,51.0,201.0,48.0,86.0,52.0
1687,11.0,15.0,6.0,36.0,24.0,3.0,14.0,2.0,5.0,1.0
1688,18.0,21.0,2.0,43.0,25.0,5.0,16.0,8.0,15.0,3.0
1689,11.0,8.0,4.0,43.0,26.0,2.0,11.0,9.0,3.0,
1690,12.0,11.0,7.0,52.0,28.0,2.0,13.0,10.0,4.0,1.0
1691,11.0,8.0,4.0,43.0,26.0,2.0,11.0,9.0,3.0,
1692,12.0,11.0,7.0,52.0,28.0,2.0,13.0,10.0,4.0,1.0
1693,11.0,8.0,4.0,43.0,26.0,2.0,11.0,9.0,3.0,
1694,15.0,16.0,7.0,23.0,13.0,2.0,13.0,2.0,6.0,2.0
1695,273.0,383.0,207.0,583.0,263.0,57.0,286.0,87.0,71.0,52.0
1696,261.0,378.0,161.0,522.0,288.0,74.0,206.0,102.0,88.0,43.0
1697,153.0,192.0,96.0,348.0,189.0,51.0,135.0,66.0,73.0,40.0
1698,9.0,7.0,5.0,14.0,4.0,1.0,9.0,3.0,,
1699,9.0,7.0,5.0,14.0,4.0,1.0,9.0,3.0,,
1700,9.0,7.0,5.0,16.0,4.0,1.0,11.0,3.0,,
1701,11.0,11.0,6.0,29.0,12.0,3.0,9.0,2.0,6.0,3.0
1702,7.0,9.0,3.0,17.0,12.0,3.0,9.0,6.0,2.0,
1703,31.0,38.0,19.0,37.0,20.0,5.0,13.0,7.0,26.0,16.0
1704,89.0,123.0,62.0,124.0,80.0,34.0,67.0,33.0,33.0,24.0
1705,40.0,51.0,28.0,75.0,33.0,9.0,38.0,12.0,16.0,12.0
1706,25.0,25.0,13.0,52.0,32.0,2.0,21.0,8.0,7.0,9.0
1707,25.0,25.0,13.0,52.0,32.0,2.0,21.0,8.0,7.0,9.0
1708,17.0,20.0,8.0,19.0,12.0,3.0,10.0,,4.0,3.0
1709,66.0,118.0,51.0,131.0,83.0,29.0,71.0,22.0,30.0,27.0
1710,25.0,32.0,18.0,36.0,19.0,7.0,24.0,4.0,14.0,7.0
1711,25.0,32.0,18.0,36.0,19.0,7.0,24.0,4.0,14.0,7.0
1712,25.0,32.0,18.0,36.0,19.0,7.0,24.0,4.0,14.0,7.0
1713,11.0,13.0,4.0,22.0,19.0,,9.0,3.0,3.0,3.0
